-- phpMyAdmin SQL Dump
-- version 4.7.4
-- https://www.phpmyadmin.net/
--
-- Servidor: 127.0.0.1
-- Tiempo de generación: 06-02-2019 a las 12:30:31
-- Versión del servidor: 10.1.28-MariaDB
-- Versión de PHP: 7.1.10

SET SQL_MODE = "NO_AUTO_VALUE_ON_ZERO";
SET AUTOCOMMIT = 0;
START TRANSACTION;
SET time_zone = "+00:00";


/*!40101 SET @OLD_CHARACTER_SET_CLIENT=@@CHARACTER_SET_CLIENT */;
/*!40101 SET @OLD_CHARACTER_SET_RESULTS=@@CHARACTER_SET_RESULTS */;
/*!40101 SET @OLD_COLLATION_CONNECTION=@@COLLATION_CONNECTION */;
/*!40101 SET NAMES utf8mb4 */;

--
-- Base de datos: `pagare_joshe`
--

-- --------------------------------------------------------

--
-- Estructura de tabla para la tabla `codeudores`
--

CREATE TABLE `codeudores` (
  `id` int(10) UNSIGNED NOT NULL,
  `nombre` varchar(191) COLLATE utf8mb4_unicode_ci DEFAULT NULL,
  `paterno` varchar(191) COLLATE utf8mb4_unicode_ci DEFAULT NULL,
  `materno` varchar(191) COLLATE utf8mb4_unicode_ci DEFAULT NULL,
  `full_nombre` varchar(191) COLLATE utf8mb4_unicode_ci DEFAULT NULL,
  `rut` varchar(191) COLLATE utf8mb4_unicode_ci DEFAULT NULL,
  `pasaporte` varchar(191) COLLATE utf8mb4_unicode_ci DEFAULT NULL,
  `nacionalidad` varchar(191) COLLATE utf8mb4_unicode_ci DEFAULT NULL,
  `profesion` varchar(191) COLLATE utf8mb4_unicode_ci DEFAULT NULL,
  `direccion_id` int(10) UNSIGNED DEFAULT NULL,
  `created_at` timestamp NULL DEFAULT NULL,
  `updated_at` timestamp NULL DEFAULT NULL
) ENGINE=InnoDB DEFAULT CHARSET=utf8mb4 COLLATE=utf8mb4_unicode_ci;

--
-- Volcado de datos para la tabla `codeudores`
--

INSERT INTO `codeudores` (`id`, `nombre`, `paterno`, `materno`, `full_nombre`, `rut`, `pasaporte`, `nacionalidad`, `profesion`, `direccion_id`, `created_at`, `updated_at`) VALUES
(1, NULL, NULL, NULL, NULL, NULL, NULL, '', '', 2, '2018-12-31 12:01:53', '2018-12-31 12:01:53'),
(2, NULL, NULL, NULL, NULL, NULL, NULL, '', '', 4, '2018-12-31 12:03:46', '2018-12-31 12:03:46'),
(3, NULL, NULL, NULL, NULL, NULL, NULL, '', '', 6, '2018-12-31 13:14:05', '2018-12-31 13:14:05'),
(4, NULL, NULL, NULL, NULL, NULL, NULL, '', '', 8, '2019-01-01 18:26:12', '2019-01-01 18:26:12'),
(5, NULL, NULL, NULL, NULL, NULL, NULL, '', '', 10, '2019-01-01 19:01:01', '2019-01-01 19:01:01'),
(6, NULL, NULL, NULL, NULL, NULL, NULL, '', '', 12, '2019-01-01 21:11:07', '2019-01-01 21:11:07'),
(7, NULL, NULL, NULL, NULL, NULL, NULL, '', '', 14, '2019-01-01 22:28:14', '2019-01-01 22:28:14'),
(8, NULL, NULL, NULL, NULL, NULL, NULL, '', '', 16, '2019-01-02 13:53:45', '2019-01-02 13:53:45'),
(9, NULL, NULL, NULL, NULL, NULL, NULL, '', '', 18, '2019-01-02 18:03:34', '2019-01-02 18:03:34'),
(10, NULL, NULL, NULL, NULL, NULL, NULL, '', '', 20, '2019-01-03 15:49:39', '2019-01-03 15:49:39'),
(11, NULL, NULL, NULL, NULL, NULL, NULL, '', '', 22, '2019-01-03 19:04:37', '2019-01-03 19:04:37'),
(12, NULL, NULL, NULL, NULL, NULL, NULL, '', '', 24, '2019-01-03 19:28:44', '2019-01-03 19:28:44'),
(13, NULL, NULL, NULL, NULL, NULL, NULL, '', '', 26, '2019-01-04 13:47:43', '2019-01-04 13:47:43'),
(14, NULL, NULL, NULL, NULL, NULL, NULL, '', '', 28, '2019-01-04 18:19:16', '2019-01-04 18:19:16'),
(15, NULL, NULL, NULL, NULL, NULL, NULL, '', '', 30, '2019-01-04 18:45:17', '2019-01-04 18:45:17'),
(16, NULL, NULL, NULL, NULL, NULL, NULL, '', '', 32, '2019-01-05 14:29:12', '2019-01-05 14:29:12'),
(17, NULL, NULL, NULL, NULL, NULL, NULL, '', '', 34, '2019-01-05 21:28:27', '2019-01-05 21:28:27'),
(18, NULL, NULL, NULL, NULL, NULL, NULL, '', '', 36, '2019-01-06 16:42:05', '2019-01-06 16:42:05'),
(19, NULL, NULL, NULL, NULL, NULL, NULL, '', '', 38, '2019-01-06 18:25:52', '2019-01-06 18:25:52'),
(20, NULL, NULL, NULL, NULL, NULL, NULL, '', '', 40, '2019-01-06 19:27:13', '2019-01-06 19:27:13'),
(21, NULL, NULL, NULL, NULL, NULL, NULL, '', '', 42, '2019-01-08 18:01:12', '2019-01-08 18:01:12'),
(22, NULL, NULL, NULL, NULL, NULL, NULL, '', '', 44, '2019-01-08 22:31:21', '2019-01-08 22:31:21'),
(23, NULL, NULL, NULL, NULL, NULL, NULL, '', '', 46, '2019-01-09 03:49:47', '2019-01-09 03:49:47'),
(24, NULL, NULL, NULL, NULL, NULL, NULL, '', '', 48, '2019-01-09 14:51:58', '2019-01-09 14:51:58'),
(25, NULL, NULL, NULL, NULL, NULL, NULL, '', '', 50, '2019-01-10 13:46:10', '2019-01-10 13:46:10'),
(26, NULL, NULL, NULL, NULL, NULL, NULL, '', '', 52, '2019-01-11 17:56:09', '2019-01-11 17:56:09'),
(27, NULL, NULL, NULL, NULL, NULL, NULL, '', '', 54, '2019-01-11 18:11:17', '2019-01-11 18:11:17'),
(28, NULL, NULL, NULL, NULL, NULL, NULL, '', '', 56, '2019-01-12 17:00:56', '2019-01-12 17:00:56'),
(29, NULL, NULL, NULL, NULL, NULL, NULL, '', '', 58, '2019-01-12 17:25:15', '2019-01-12 17:25:15'),
(30, NULL, NULL, NULL, NULL, NULL, NULL, '', '', 60, '2019-01-12 21:40:03', '2019-01-12 21:40:03'),
(31, NULL, NULL, NULL, NULL, NULL, NULL, '', '', 62, '2019-01-13 14:49:27', '2019-01-13 14:49:27'),
(32, NULL, NULL, NULL, NULL, NULL, NULL, '', '', 64, '2019-01-13 16:52:06', '2019-01-13 16:52:06'),
(33, NULL, NULL, NULL, NULL, NULL, NULL, '', '', 66, '2019-01-13 17:12:20', '2019-01-13 17:12:20'),
(34, NULL, NULL, NULL, NULL, NULL, NULL, '', '', 68, '2019-01-13 17:58:09', '2019-01-13 17:58:09'),
(35, NULL, NULL, NULL, NULL, NULL, NULL, '', '', 70, '2019-01-13 18:38:45', '2019-01-13 18:38:45'),
(36, NULL, NULL, NULL, NULL, NULL, NULL, '', '', 72, '2019-01-14 16:52:24', '2019-01-14 16:52:24'),
(37, NULL, NULL, NULL, NULL, NULL, NULL, '', '', 74, '2019-01-15 03:39:48', '2019-01-15 03:39:48'),
(38, NULL, NULL, NULL, NULL, NULL, NULL, '', '', 76, '2019-01-16 16:34:00', '2019-01-16 16:34:00'),
(39, NULL, NULL, NULL, NULL, NULL, NULL, '', '', 78, '2019-01-16 18:03:20', '2019-01-16 18:03:20'),
(40, NULL, NULL, NULL, NULL, NULL, NULL, '', '', 80, '2019-01-16 18:24:35', '2019-01-16 18:24:35'),
(41, NULL, NULL, NULL, NULL, NULL, NULL, '', '', 82, '2019-01-16 19:41:03', '2019-01-16 19:41:03'),
(42, NULL, NULL, NULL, NULL, NULL, NULL, '', '', 84, '2019-01-16 20:37:41', '2019-01-16 20:37:41'),
(43, NULL, NULL, NULL, NULL, NULL, NULL, '', '', 86, '2019-01-17 02:39:05', '2019-01-17 02:39:05'),
(44, NULL, NULL, NULL, NULL, NULL, NULL, '', '', 88, '2019-01-17 02:56:02', '2019-01-17 02:56:02'),
(45, NULL, NULL, NULL, NULL, NULL, NULL, '', '', 90, '2019-01-18 00:35:45', '2019-01-18 00:35:45'),
(46, NULL, NULL, NULL, NULL, NULL, NULL, '', '', 92, '2019-01-18 14:46:51', '2019-01-18 14:46:51'),
(47, NULL, NULL, NULL, NULL, NULL, NULL, '', '', 94, '2019-01-18 17:29:01', '2019-01-18 17:29:01'),
(48, NULL, NULL, NULL, NULL, NULL, NULL, '', '', 96, '2019-01-18 18:23:04', '2019-01-18 18:23:04'),
(49, NULL, NULL, NULL, NULL, NULL, NULL, '', '', 98, '2019-01-19 17:23:40', '2019-01-19 17:23:40'),
(50, NULL, NULL, NULL, NULL, NULL, NULL, '', '', 100, '2019-01-20 17:48:50', '2019-01-20 17:48:50'),
(51, NULL, NULL, NULL, NULL, NULL, NULL, '', '', 102, '2019-01-21 03:20:04', '2019-01-21 03:20:04'),
(52, NULL, NULL, NULL, NULL, NULL, NULL, '', '', 104, '2019-01-21 16:32:09', '2019-01-21 16:32:09'),
(53, NULL, NULL, NULL, NULL, NULL, NULL, '', '', 106, '2019-01-21 19:11:06', '2019-01-21 19:11:06'),
(54, NULL, NULL, NULL, NULL, NULL, NULL, '', '', 108, '2019-01-22 16:32:06', '2019-01-22 16:32:06'),
(55, NULL, NULL, NULL, NULL, NULL, NULL, '', '', 110, '2019-01-22 16:37:40', '2019-01-22 16:37:40'),
(56, 'CRISTIAN EXEQUIEL', 'VEGA', 'MERCADO', 'CRISTIAN EXEQUIEL VEGA MERCADO', '17194482', NULL, 'CHILENA', 'OPERADOR PLANTA', 112, '2019-01-22 17:36:08', '2019-01-22 17:39:07'),
(57, NULL, NULL, NULL, NULL, NULL, NULL, '', '', 114, '2019-01-23 03:07:30', '2019-01-23 03:07:30'),
(58, NULL, NULL, NULL, NULL, NULL, NULL, '', '', 116, '2019-01-23 18:32:40', '2019-01-23 18:32:40'),
(59, NULL, NULL, NULL, NULL, NULL, NULL, '', '', 118, '2019-01-24 01:33:38', '2019-01-24 01:33:38'),
(60, NULL, NULL, NULL, NULL, NULL, NULL, '', '', 120, '2019-01-24 18:38:57', '2019-01-24 18:38:57'),
(61, NULL, NULL, NULL, NULL, NULL, NULL, '', '', 122, '2019-01-24 19:55:09', '2019-01-24 19:55:09'),
(62, NULL, NULL, NULL, NULL, NULL, NULL, '', '', 124, '2019-01-24 20:05:26', '2019-01-24 20:05:26'),
(63, NULL, NULL, NULL, NULL, NULL, NULL, '', '', 126, '2019-01-25 11:55:32', '2019-01-25 11:55:32'),
(64, NULL, NULL, NULL, NULL, NULL, NULL, '', '', 128, '2019-01-25 15:37:37', '2019-01-25 15:37:37'),
(65, NULL, NULL, NULL, NULL, NULL, NULL, '', '', 130, '2019-01-25 23:26:54', '2019-01-25 23:26:54'),
(66, NULL, NULL, NULL, NULL, NULL, NULL, '', '', 132, '2019-01-26 01:26:34', '2019-01-26 01:26:34'),
(67, NULL, NULL, NULL, NULL, NULL, NULL, '', '', 134, '2019-01-26 11:43:35', '2019-01-26 11:43:35'),
(68, NULL, NULL, NULL, NULL, NULL, NULL, '', '', 136, '2019-01-26 15:19:23', '2019-01-26 15:19:23'),
(69, NULL, NULL, NULL, NULL, NULL, NULL, '', '', 138, '2019-01-26 18:00:28', '2019-01-26 18:00:28'),
(70, NULL, NULL, NULL, NULL, NULL, NULL, '', '', 140, '2019-01-26 20:09:57', '2019-01-26 20:09:57'),
(71, NULL, NULL, NULL, NULL, NULL, NULL, '', '', 143, '2019-01-26 20:09:59', '2019-01-26 20:09:59'),
(72, NULL, NULL, NULL, NULL, NULL, NULL, '', '', 144, '2019-01-26 20:09:59', '2019-01-26 20:09:59'),
(73, NULL, NULL, NULL, NULL, NULL, NULL, '', '', 146, '2019-01-26 20:41:35', '2019-01-26 20:41:35'),
(74, NULL, NULL, NULL, NULL, NULL, NULL, '', '', 148, '2019-01-26 21:37:27', '2019-01-26 21:37:27'),
(75, NULL, NULL, NULL, NULL, NULL, NULL, '', '', 150, '2019-01-27 18:30:42', '2019-01-27 18:30:42'),
(76, NULL, NULL, NULL, NULL, NULL, NULL, '', '', 152, '2019-01-27 18:47:55', '2019-01-27 18:47:55'),
(77, NULL, NULL, NULL, NULL, NULL, NULL, '', '', 154, '2019-01-27 18:58:16', '2019-01-27 18:58:16'),
(78, NULL, NULL, NULL, NULL, NULL, NULL, '', '', 156, '2019-01-27 19:17:18', '2019-01-27 19:17:18'),
(79, NULL, NULL, NULL, NULL, NULL, NULL, '', '', 158, '2019-01-28 10:41:27', '2019-01-28 10:41:27'),
(80, 'MOISES ABRAHAM', 'MORAGA', 'VILLALOBOS', 'MOISES ABRAHAM MORAGA VILLALOBOS', '9878250', NULL, 'CHILENA', '', 160, '2019-01-28 15:21:54', '2019-01-28 15:24:03'),
(81, NULL, NULL, NULL, NULL, NULL, NULL, '', '', 162, '2019-01-28 16:38:39', '2019-01-28 16:38:39'),
(82, NULL, NULL, NULL, NULL, NULL, NULL, '', '', 164, '2019-01-29 18:33:39', '2019-01-29 18:33:39'),
(83, NULL, NULL, NULL, NULL, NULL, NULL, '', '', 166, '2019-01-31 16:55:58', '2019-01-31 16:55:58'),
(84, NULL, NULL, NULL, NULL, NULL, NULL, '', '', 168, '2019-01-31 19:51:39', '2019-01-31 19:51:39'),
(85, NULL, NULL, NULL, NULL, NULL, NULL, '', '', 170, '2019-02-02 15:29:14', '2019-02-02 15:29:14'),
(86, NULL, NULL, NULL, NULL, NULL, NULL, '', '', 172, '2019-02-02 16:12:00', '2019-02-02 16:12:00'),
(87, NULL, NULL, NULL, NULL, NULL, NULL, '', '', 174, '2019-02-02 17:29:56', '2019-02-02 17:29:56'),
(88, NULL, NULL, NULL, NULL, NULL, NULL, '', '', 176, '2019-02-02 17:38:55', '2019-02-02 17:38:55'),
(89, NULL, NULL, NULL, NULL, NULL, NULL, '', '', 178, '2019-02-02 18:00:15', '2019-02-02 18:00:15'),
(90, NULL, NULL, NULL, NULL, NULL, NULL, '', '', 180, '2019-02-02 18:14:59', '2019-02-02 18:14:59'),
(91, NULL, NULL, NULL, NULL, NULL, NULL, '', '', 182, '2019-02-04 13:18:01', '2019-02-04 13:18:01'),
(92, NULL, NULL, NULL, NULL, NULL, NULL, '', '', 184, '2019-02-04 16:26:11', '2019-02-04 16:26:11'),
(93, NULL, NULL, NULL, NULL, NULL, NULL, '', '', 186, '2019-02-04 17:40:47', '2019-02-04 17:40:47'),
(94, NULL, NULL, NULL, NULL, NULL, NULL, '', '', 188, '2019-02-04 18:59:05', '2019-02-04 18:59:05'),
(95, NULL, NULL, NULL, NULL, NULL, NULL, '', '', 190, '2019-02-05 16:02:18', '2019-02-05 16:02:18'),
(96, NULL, NULL, NULL, NULL, NULL, NULL, '', '', 192, '2019-02-05 17:54:09', '2019-02-05 17:54:09'),
(97, NULL, NULL, NULL, NULL, NULL, NULL, '', '', 194, '2019-02-05 23:03:38', '2019-02-05 23:03:38');

-- --------------------------------------------------------

--
-- Estructura de tabla para la tabla `cuotas`
--

CREATE TABLE `cuotas` (
  `id` int(10) UNSIGNED NOT NULL,
  `n_cuota` int(11) NOT NULL,
  `monto` int(11) NOT NULL,
  `f_pago` date NOT NULL,
  `detalle` mediumtext COLLATE utf8mb4_unicode_ci,
  `n_boleta` int(11) NOT NULL,
  `deuda_id` int(10) UNSIGNED NOT NULL,
  `created_at` timestamp NULL DEFAULT NULL,
  `updated_at` timestamp NULL DEFAULT NULL
) ENGINE=InnoDB DEFAULT CHARSET=utf8mb4 COLLATE=utf8mb4_unicode_ci;

--
-- Volcado de datos para la tabla `cuotas`
--

INSERT INTO `cuotas` (`id`, `n_cuota`, `monto`, `f_pago`, `detalle`, `n_boleta`, `deuda_id`, `created_at`, `updated_at`) VALUES
(1, 1, 65992, '2019-01-08', 'PACIENTE CANCELA HOSPITALIZACION', 1497718, 16, '2019-01-08 20:11:10', '2019-01-08 20:11:10'),
(2, 1, 57238, '2019-01-11', 'PACIENTE CANCELA HOSPITALIZACION', 1497754, 14, '2019-01-11 16:08:05', '2019-01-11 16:08:05'),
(3, 1, 116063, '2019-01-15', 'PACIENTE CANCELA HOSPITALIZACION', 1497775, 29, '2019-01-16 17:55:17', '2019-01-16 17:55:17'),
(4, 1, 18671, '2019-01-16', 'PACIENTE CANCELA HOSPITALIZACION', 1497792, 32, '2019-01-16 17:57:17', '2019-01-16 17:57:17'),
(5, 1, 37029, '2019-01-16', 'PACIENTE CANCELA HOSPITALIZACION', 1497800, 33, '2019-01-16 17:58:10', '2019-01-16 17:58:10'),
(6, 1, 55508, '2019-01-16', 'PACIENTE CANCELA HOSPITALIZACION', 1497801, 34, '2019-01-16 17:59:18', '2019-01-16 17:59:18'),
(7, 1, 923591, '2019-01-11', 'PACIENTE CANCELA HOSPITALIZACION', 1497731, 15, '2019-01-16 19:39:07', '2019-01-16 19:39:07'),
(8, 1, 33000, '2019-01-17', 'ABONA A HOSPITALIZACION, QUEDA UN SALDO DE $ 32.715.-', 1497816, 28, '2019-01-18 20:34:02', '2019-01-18 20:34:02'),
(9, 1, 63778, '2019-01-17', 'PACIENTE CANCELA HOSPITALIZACION', 1497811, 27, '2019-01-18 20:41:32', '2019-01-18 20:41:32'),
(10, 1, 60434, '2019-01-23', 'PACIENTE CANCELA HOSPITALIZACION', 1497863, 50, '2019-01-23 15:47:44', '2019-01-23 15:47:44'),
(11, 1, 8195, '2019-01-23', 'PACIENTE CANCELA HOSPITALIZACION', 1497866, 52, '2019-01-23 15:53:52', '2019-01-23 15:53:52'),
(12, 1, 46587, '2019-01-24', 'PACIENTE PAGA 1° CUOTA', 497872, 8, '2019-01-24 14:31:37', '2019-01-24 14:31:37'),
(13, 1, 34675, '2019-01-28', 'PACIENTE CANCELA HOSPITALIZACION', 1497904, 69, '2019-01-29 17:13:13', '2019-01-29 17:13:13'),
(14, 1, 63218, '2019-01-28', 'PACIENTE CANCELA HOSPITALIZACION', 1497891, 74, '2019-01-29 17:39:37', '2019-01-29 17:39:37'),
(15, 1, 55877, '2019-01-28', 'PACIENTE CANCELA HOSPITALIZACION', 1497892, 65, '2019-01-29 18:01:15', '2019-01-29 18:01:15'),
(16, 1, 56053, '2019-01-30', 'PACIENTE CANCELA HOSPITALIZACION', 1497922, 77, '2019-01-30 18:57:10', '2019-01-30 18:57:10'),
(17, 1, 15000, '2019-01-30', 'ABONA A HOSPITALIZACION', 1497917, 54, '2019-01-30 19:00:49', '2019-01-30 19:00:49'),
(18, 1, 49244, '2019-01-30', 'PACIENTE CANCELA HOSPITALIZACION', 1497918, 78, '2019-01-30 19:03:05', '2019-01-30 19:03:05'),
(19, 1, 54800, '2019-01-31', 'PACIENTE CANCELA HOSPITALIZACION', 1497944, 75, '2019-01-31 19:48:54', '2019-01-31 19:48:54'),
(20, 1, 30000, '2019-01-21', 'PACIENTE ABONA A HOSPITALIZACION', 1497841, 52, '2019-02-04 19:04:15', '2019-02-04 19:04:15'),
(21, 1, 39847, '2019-02-05', 'MAMÁ DE PACIENTE CANCELA HOSPITALIZACIÓN', 1497978, 19, '2019-02-05 14:32:11', '2019-02-05 14:32:11'),
(22, 1, 33947, '2019-02-05', 'PACIENTE CANCELA HOSPITALIZACION', 1497977, 82, '2019-02-05 20:07:41', '2019-02-05 20:07:41');

-- --------------------------------------------------------

--
-- Estructura de tabla para la tabla `deudas`
--

CREATE TABLE `deudas` (
  `id` int(10) UNSIGNED NOT NULL,
  `total` int(11) DEFAULT NULL,
  `n_cuota` int(11) DEFAULT NULL,
  `valor_cuota` int(11) DEFAULT NULL,
  `saldo` int(11) DEFAULT NULL,
  `plazo` int(11) DEFAULT NULL,
  `vencimiento` date DEFAULT NULL,
  `created_at` timestamp NULL DEFAULT NULL,
  `updated_at` timestamp NULL DEFAULT NULL
) ENGINE=InnoDB DEFAULT CHARSET=utf8mb4 COLLATE=utf8mb4_unicode_ci;

--
-- Volcado de datos para la tabla `deudas`
--

INSERT INTO `deudas` (`id`, `total`, `n_cuota`, `valor_cuota`, `saldo`, `plazo`, `vencimiento`, `created_at`, `updated_at`) VALUES
(1, NULL, NULL, NULL, NULL, NULL, NULL, '2018-12-31 12:01:53', '2018-12-31 12:01:53'),
(2, NULL, NULL, NULL, NULL, NULL, NULL, '2018-12-31 12:03:45', '2018-12-31 12:03:45'),
(3, NULL, NULL, NULL, NULL, NULL, NULL, '2018-12-31 13:14:04', '2018-12-31 13:14:04'),
(4, NULL, NULL, NULL, NULL, NULL, NULL, '2019-01-01 18:26:12', '2019-01-01 18:26:12'),
(5, NULL, NULL, NULL, NULL, NULL, NULL, '2019-01-01 19:01:00', '2019-01-01 19:01:00'),
(6, NULL, NULL, NULL, NULL, NULL, NULL, '2019-01-01 21:11:07', '2019-01-01 21:11:07'),
(7, NULL, NULL, NULL, NULL, NULL, NULL, '2019-01-01 22:28:13', '2019-01-01 22:28:13'),
(8, 93175, 2, 46587, NULL, NULL, NULL, '2019-01-02 13:53:44', '2019-01-02 13:55:28'),
(9, NULL, NULL, NULL, NULL, NULL, NULL, '2019-01-02 18:03:34', '2019-01-02 18:03:34'),
(10, 22520, 1, 22520, NULL, 38, '2019-02-10', '2019-01-03 15:49:39', '2019-01-03 15:51:50'),
(11, 324223, NULL, NULL, NULL, NULL, NULL, '2019-01-03 19:04:37', '2019-01-03 19:07:39'),
(12, NULL, NULL, NULL, NULL, NULL, NULL, '2019-01-03 19:28:44', '2019-01-03 19:28:44'),
(13, 56476, 1, 56476, NULL, 13, '2019-01-17', '2019-01-04 13:47:43', '2019-01-04 13:50:57'),
(14, NULL, NULL, NULL, NULL, NULL, NULL, '2019-01-04 18:19:15', '2019-01-04 18:19:15'),
(15, NULL, NULL, NULL, NULL, NULL, NULL, '2019-01-04 18:45:17', '2019-01-04 18:45:17'),
(16, 65992, 1, 65992, NULL, NULL, NULL, '2019-01-05 14:29:12', '2019-01-08 20:10:22'),
(17, NULL, NULL, NULL, NULL, NULL, NULL, '2019-01-05 21:28:27', '2019-01-05 21:28:27'),
(18, NULL, NULL, NULL, NULL, NULL, NULL, '2019-01-06 16:42:05', '2019-01-06 16:42:05'),
(19, NULL, NULL, NULL, NULL, NULL, NULL, '2019-01-06 18:25:52', '2019-01-06 18:25:52'),
(20, NULL, NULL, NULL, NULL, NULL, NULL, '2019-01-06 19:27:13', '2019-01-06 19:27:13'),
(21, NULL, NULL, NULL, NULL, NULL, NULL, '2019-01-08 18:01:12', '2019-01-08 18:01:12'),
(22, NULL, NULL, NULL, NULL, NULL, NULL, '2019-01-08 22:31:20', '2019-01-08 22:31:20'),
(23, NULL, NULL, NULL, NULL, NULL, NULL, '2019-01-09 03:49:47', '2019-01-09 03:49:47'),
(24, NULL, NULL, NULL, NULL, NULL, NULL, '2019-01-09 14:51:58', '2019-01-09 14:51:58'),
(25, NULL, NULL, NULL, NULL, NULL, NULL, '2019-01-10 13:46:09', '2019-01-10 13:46:09'),
(26, NULL, NULL, NULL, NULL, NULL, NULL, '2019-01-11 17:56:09', '2019-01-11 17:56:09'),
(27, NULL, NULL, NULL, NULL, NULL, NULL, '2019-01-11 18:11:17', '2019-01-11 18:11:17'),
(28, NULL, NULL, NULL, NULL, NULL, NULL, '2019-01-12 17:00:56', '2019-01-12 17:00:56'),
(29, NULL, NULL, NULL, NULL, NULL, NULL, '2019-01-12 17:25:15', '2019-01-12 17:25:15'),
(30, NULL, NULL, NULL, NULL, NULL, NULL, '2019-01-12 21:40:03', '2019-01-12 21:40:03'),
(31, NULL, NULL, NULL, NULL, NULL, NULL, '2019-01-13 14:49:27', '2019-01-13 14:49:27'),
(32, NULL, NULL, NULL, NULL, NULL, NULL, '2019-01-13 16:52:05', '2019-01-13 16:52:05'),
(33, NULL, NULL, NULL, NULL, NULL, NULL, '2019-01-13 17:12:19', '2019-01-13 17:12:19'),
(34, NULL, NULL, NULL, NULL, NULL, NULL, '2019-01-13 17:58:08', '2019-01-13 17:58:08'),
(35, NULL, NULL, NULL, NULL, NULL, NULL, '2019-01-13 18:38:45', '2019-01-13 18:38:45'),
(36, NULL, NULL, NULL, NULL, NULL, NULL, '2019-01-14 16:52:24', '2019-01-14 16:52:24'),
(37, NULL, NULL, NULL, NULL, NULL, NULL, '2019-01-15 03:39:48', '2019-01-15 03:39:48'),
(38, 91021, 2, 45510, NULL, 30, NULL, '2019-01-16 16:34:00', '2019-01-16 16:36:10'),
(39, NULL, NULL, NULL, NULL, NULL, NULL, '2019-01-16 18:03:20', '2019-01-16 18:03:20'),
(40, 230154, 3, 76718, NULL, NULL, NULL, '2019-01-16 18:24:35', '2019-01-16 18:27:26'),
(41, NULL, NULL, NULL, NULL, NULL, NULL, '2019-01-16 19:41:03', '2019-01-16 19:41:03'),
(42, NULL, NULL, NULL, NULL, NULL, NULL, '2019-01-16 20:37:41', '2019-01-16 20:37:41'),
(43, NULL, NULL, NULL, NULL, NULL, NULL, '2019-01-17 02:39:05', '2019-01-17 02:39:05'),
(44, NULL, NULL, NULL, NULL, NULL, NULL, '2019-01-17 02:56:01', '2019-01-17 02:56:01'),
(45, 119852, NULL, 119852, NULL, NULL, NULL, '2019-01-18 00:35:45', '2019-01-18 04:06:53'),
(46, 1521210, 1, 1521210, NULL, NULL, '2019-03-18', '2019-01-18 14:46:51', '2019-01-30 19:10:14'),
(47, 707484, 1, 707484, NULL, NULL, '2019-03-18', '2019-01-18 17:29:01', '2019-01-30 19:10:41'),
(48, NULL, NULL, NULL, NULL, NULL, NULL, '2019-01-18 18:23:04', '2019-01-18 18:23:04'),
(49, 127369, 1, 127369, NULL, NULL, '2019-02-19', '2019-01-19 17:23:40', '2019-01-23 15:45:07'),
(50, 60434, 1, 60434, NULL, NULL, '2019-02-20', '2019-01-20 17:48:50', '2019-01-23 15:47:21'),
(51, NULL, NULL, NULL, NULL, NULL, NULL, '2019-01-21 03:20:04', '2019-01-21 03:20:04'),
(52, 8195, 1, 8195, NULL, 1, '2019-01-21', '2019-01-21 16:32:09', '2019-01-21 16:35:10'),
(53, NULL, NULL, NULL, NULL, NULL, NULL, '2019-01-21 19:11:05', '2019-01-21 19:11:05'),
(54, 242432, 6, 40405, NULL, NULL, '2019-02-22', '2019-01-22 16:32:06', '2019-01-25 18:40:40'),
(55, 39427, 1, 39427, NULL, NULL, '2019-02-15', '2019-01-22 16:37:40', '2019-01-22 16:43:00'),
(56, 467688, 1, 467688, NULL, NULL, '2019-02-22', '2019-01-22 17:36:07', '2019-01-22 17:38:19'),
(57, 45586, 1, 45586, NULL, NULL, '2019-02-23', '2019-01-23 03:07:30', '2019-01-23 16:11:31'),
(58, 37807, 2, 18903, NULL, NULL, '2019-02-05', '2019-01-23 18:32:40', '2019-01-23 18:34:22'),
(59, NULL, NULL, NULL, NULL, NULL, NULL, '2019-01-24 01:33:37', '2019-01-24 01:33:37'),
(60, 82847, 4, 20711, NULL, NULL, '2019-02-15', '2019-01-24 18:38:56', '2019-01-24 18:51:30'),
(61, 2320308, 1, 2320308, NULL, NULL, '2019-03-24', '2019-01-24 19:55:09', '2019-01-30 19:09:42'),
(62, NULL, NULL, NULL, NULL, NULL, NULL, '2019-01-24 20:05:26', '2019-01-24 20:05:26'),
(63, 1337135, 1, 1337135, NULL, NULL, '2019-03-25', '2019-01-25 11:55:32', '2019-01-31 19:31:35'),
(64, 1486441, 1, 1486441, NULL, NULL, '2019-02-25', '2019-01-25 15:37:37', '2019-01-29 17:15:49'),
(65, 55877, 1, 55877, NULL, NULL, '2019-02-25', '2019-01-25 23:26:54', '2019-01-29 18:00:56'),
(66, 217120, 1, 217120, NULL, NULL, '2019-02-25', '2019-01-26 01:26:34', '2019-01-28 12:07:44'),
(67, 63700, 1, 63700, NULL, NULL, '2019-02-26', '2019-01-26 11:43:35', '2019-01-28 12:10:36'),
(68, 467570, 1, 467570, NULL, NULL, '2019-02-26', '2019-01-26 15:19:23', '2019-01-29 17:55:30'),
(69, 34675, 1, 34675, NULL, NULL, '2019-02-26', '2019-01-26 18:00:28', '2019-01-29 17:12:52'),
(70, NULL, NULL, NULL, NULL, NULL, NULL, '2019-01-26 20:09:57', '2019-01-26 20:09:57'),
(71, NULL, NULL, NULL, NULL, NULL, NULL, '2019-01-26 20:09:59', '2019-01-26 20:09:59'),
(72, NULL, NULL, NULL, NULL, NULL, NULL, '2019-01-26 20:09:59', '2019-01-26 20:09:59'),
(73, 8567, 1, 8567, NULL, NULL, '2019-02-26', '2019-01-26 20:41:35', '2019-01-29 17:52:08'),
(74, 63218, 1, 63218, NULL, NULL, '2019-02-26', '2019-01-26 21:37:26', '2019-01-29 17:39:18'),
(75, 54800, 1, 54800, NULL, NULL, '2019-02-27', '2019-01-27 18:30:42', '2019-01-29 17:37:30'),
(76, 14162, 1, 14162, NULL, NULL, '2019-02-27', '2019-01-27 18:47:55', '2019-01-29 17:50:57'),
(77, 56053, 1, 56053, NULL, NULL, '2019-02-27', '2019-01-27 18:58:16', '2019-01-29 17:53:14'),
(78, 49244, 1, 49244, NULL, NULL, '2019-02-27', '2019-01-27 19:17:18', '2019-01-29 17:54:09'),
(79, NULL, NULL, NULL, NULL, NULL, NULL, '2019-01-28 10:41:27', '2019-01-28 10:41:27'),
(80, NULL, NULL, NULL, NULL, NULL, NULL, '2019-01-28 15:21:54', '2019-01-28 15:21:54'),
(81, 271397, 6, 45233, NULL, NULL, '2019-02-05', '2019-01-28 16:38:39', '2019-01-28 16:46:20'),
(82, 33947, 1, 33947, NULL, NULL, '2019-02-05', '2019-01-29 18:33:38', '2019-01-29 18:35:53'),
(83, NULL, NULL, NULL, NULL, NULL, NULL, '2019-01-31 16:55:58', '2019-01-31 16:55:58'),
(84, NULL, NULL, NULL, NULL, NULL, NULL, '2019-01-31 19:51:39', '2019-01-31 19:51:39'),
(85, NULL, NULL, NULL, NULL, NULL, NULL, '2019-02-02 15:29:14', '2019-02-02 15:29:14'),
(86, NULL, NULL, NULL, NULL, NULL, NULL, '2019-02-02 16:12:00', '2019-02-02 16:12:00'),
(87, NULL, NULL, NULL, NULL, NULL, NULL, '2019-02-02 17:29:56', '2019-02-02 17:29:56'),
(88, NULL, NULL, NULL, NULL, NULL, NULL, '2019-02-02 17:38:54', '2019-02-02 17:38:54'),
(89, NULL, NULL, NULL, NULL, NULL, NULL, '2019-02-02 18:00:15', '2019-02-02 18:00:15'),
(90, NULL, NULL, NULL, NULL, NULL, NULL, '2019-02-02 18:14:59', '2019-02-02 18:14:59'),
(91, 197517, 8, 24690, NULL, NULL, '2019-03-01', '2019-02-04 13:18:01', '2019-02-04 13:19:51'),
(92, 46608, 2, 23304, NULL, NULL, '2019-03-04', '2019-02-04 16:26:10', '2019-02-04 16:27:30'),
(93, 113020, 1, 113020, NULL, NULL, '2019-02-08', '2019-02-04 17:40:47', '2019-02-04 17:42:07'),
(94, 25877, 1, 1, NULL, 1, '2019-02-12', '2019-02-04 18:59:05', '2019-02-04 19:01:35'),
(95, NULL, NULL, NULL, NULL, NULL, NULL, '2019-02-05 16:02:17', '2019-02-05 16:02:17'),
(96, 156120, 1, 156120, NULL, 1, '2019-03-15', '2019-02-05 17:54:09', '2019-02-05 17:56:44'),
(97, NULL, NULL, NULL, NULL, NULL, NULL, '2019-02-05 23:03:37', '2019-02-05 23:03:37');

-- --------------------------------------------------------

--
-- Estructura de tabla para la tabla `deudores`
--

CREATE TABLE `deudores` (
  `id` int(10) UNSIGNED NOT NULL,
  `nombre` varchar(191) COLLATE utf8mb4_unicode_ci NOT NULL,
  `paterno` varchar(191) COLLATE utf8mb4_unicode_ci NOT NULL,
  `materno` varchar(191) COLLATE utf8mb4_unicode_ci DEFAULT NULL,
  `full_nombre` varchar(191) COLLATE utf8mb4_unicode_ci NOT NULL,
  `rut` varchar(191) COLLATE utf8mb4_unicode_ci DEFAULT NULL,
  `pasaporte` varchar(191) COLLATE utf8mb4_unicode_ci DEFAULT NULL,
  `nacionalidad` varchar(191) COLLATE utf8mb4_unicode_ci DEFAULT NULL,
  `direccion_id` int(10) UNSIGNED DEFAULT NULL,
  `created_at` timestamp NULL DEFAULT NULL,
  `updated_at` timestamp NULL DEFAULT NULL
) ENGINE=InnoDB DEFAULT CHARSET=utf8mb4 COLLATE=utf8mb4_unicode_ci;

--
-- Volcado de datos para la tabla `deudores`
--

INSERT INTO `deudores` (`id`, `nombre`, `paterno`, `materno`, `full_nombre`, `rut`, `pasaporte`, `nacionalidad`, `direccion_id`, `created_at`, `updated_at`) VALUES
(1, 'KARINA', 'CASTILLO', 'RIVERA', 'KARINA CASTILLO RIVERA', '12171772', NULL, '', 1, '2018-12-31 12:01:52', '2018-12-31 12:01:52'),
(2, 'KARINA', 'CASTILLO', 'RIVERA', 'KARINA CASTILLO RIVERA', '12171772', NULL, 'CHILENA', 3, '2018-12-31 12:03:45', '2018-12-31 12:19:03'),
(3, 'RAUL', 'LOPEZ', 'CAMPUSANO', 'RAUL LOPEZ CAMPUSANO', '9083321', NULL, 'CHILENO', 5, '2018-12-31 13:14:04', '2018-12-31 13:14:04'),
(4, 'YANINA', 'BARRAZA', 'BARRAZA', 'YANINA BARRAZA BARRAZA', '13748953', NULL, 'CHILENA', 7, '2019-01-01 18:26:12', '2019-01-01 18:26:12'),
(5, 'SERGIO', 'DEL SOLAR', 'GODOY', 'SERGIO DEL SOLAR GODOY', '13171341', NULL, 'CHILENA', 9, '2019-01-01 19:01:00', '2019-01-01 19:01:00'),
(6, 'CRISTIAN', 'BAIGORRI', 'SEGOVIA', 'CRISTIAN BAIGORRI SEGOVIA', '16249678', NULL, 'CHILENO', 11, '2019-01-01 21:11:07', '2019-01-01 21:11:07'),
(7, 'EUGENIO', 'ALBASINI', 'BROLL', 'EUGENIO ALBASINI BROLL', '9637323', NULL, 'CHILENA', 13, '2019-01-01 22:28:13', '2019-01-01 22:28:13'),
(8, 'ALICIA EMA', 'GALLEGUILLOS', 'SALAZAR', 'ALICIA EMA GALLEGUILLOS SALAZAR', '8604506', NULL, 'CHILENA', 15, '2019-01-02 13:53:44', '2019-01-02 13:53:44'),
(9, 'GUILLERMO ANTONIO', 'ROJAS', 'ALCAYAGA', 'GUILLERMO ANTONIO ROJAS ALCAYAGA', '13647015', NULL, 'CHILENA', 17, '2019-01-02 18:03:34', '2019-01-02 18:03:34'),
(10, 'ENZO FRANCISCO', 'CORTES', 'GARCIA', 'ENZO FRANCISCO CORTES GARCIA', '7539424', NULL, 'CHILENA', 19, '2019-01-03 15:49:39', '2019-01-03 15:49:39'),
(11, 'JESSICA JEANNETTE', 'YAÑEZ', 'DELGADO', 'JESSICA JEANNETTE YAÑEZ DELGADO', '10624440', NULL, 'CHILENA', 21, '2019-01-03 19:04:37', '2019-01-03 19:04:37'),
(12, 'NADIA  ALEJANDRA', 'ESCOBAR', 'PEREZ', 'NADIA  ALEJANDRA ESCOBAR PEREZ', '12171772', '1236', 'ECUATORIANA', 23, '2019-01-03 19:28:44', '2019-01-03 19:28:44'),
(13, 'MANUEL  FRANCISCO', 'COLLADO', 'COLLADO', 'MANUEL  FRANCISCO COLLADO COLLADO', '10046460', NULL, 'CHILENA', 25, '2019-01-04 13:47:43', '2019-01-04 13:47:43'),
(14, 'KARINA FABIOLA', 'GODOY', 'ROCO', 'KARINA FABIOLA GODOY ROCO', '15610494', NULL, 'CHILENA', 27, '2019-01-04 18:19:15', '2019-01-04 18:19:15'),
(15, 'ELIANA   DEL CARMEN', 'PEZOA', 'DURAN', 'ELIANA   DEL CARMEN PEZOA DURAN', '6066113', NULL, 'CHILENA', 29, '2019-01-04 18:45:17', '2019-01-04 18:45:17'),
(16, 'YASNA', 'GOMEZ', 'MONDACA', 'YASNA GOMEZ MONDACA', '16833039', NULL, 'CHILENA', 31, '2019-01-05 14:29:12', '2019-01-05 14:29:12'),
(17, 'DIEGO', 'CONTRERAS', 'RAMOS', 'DIEGO CONTRERAS RAMOS', '19459090', NULL, 'CHILENA', 33, '2019-01-05 21:28:27', '2019-01-05 21:28:27'),
(18, 'RODRIGO EDUARDO', 'MURIANO', 'ARAYA', 'RODRIGO EDUARDO MURIANO ARAYA', '14098199', NULL, 'CHILENA', 35, '2019-01-06 16:42:05', '2019-01-06 16:42:05'),
(19, 'JULIETTE GILIAMS SINDENLIND', 'SOLOAGA', 'RIVERA', 'JULIETTE GILIAMS SINDENLIND SOLOAGA RIVERA', '18711905', NULL, 'CHILENA', 37, '2019-01-06 18:25:52', '2019-01-06 18:25:52'),
(20, 'PRISCILLA VALESKA', 'VERGARA', 'BRIONES', 'PRISCILLA VALESKA VERGARA BRIONES', '18673763', NULL, 'CHILENA', 39, '2019-01-06 19:27:13', '2019-01-06 19:27:13'),
(21, 'MEDELY', 'BARRA', 'VIDAURRE', 'MEDELY BARRA VIDAURRE', '17117247', NULL, 'CHILENA', 41, '2019-01-08 18:01:12', '2019-01-08 18:01:12'),
(22, 'SANDRA GRACIELA', 'GAETE', 'SANTANA', 'SANDRA GRACIELA GAETE SANTANA', '13873491', NULL, 'CHILENA', 43, '2019-01-08 22:31:20', '2019-01-08 22:31:20'),
(23, 'LILA', 'AGUERO', 'FLORES', 'LILA AGUERO FLORES', '24255356', NULL, 'CHILENA', 45, '2019-01-09 03:49:47', '2019-01-09 03:49:47'),
(24, 'CATALINA DEL PILAR', 'OLIVARES', 'ESTAY', 'CATALINA DEL PILAR OLIVARES ESTAY', '15557574', NULL, 'CHILENA', 47, '2019-01-09 14:51:58', '2019-01-09 14:51:58'),
(25, 'EDUARDO JAVIER', 'ROZAS', 'PONCE', 'EDUARDO JAVIER ROZAS PONCE', '12441081', NULL, 'CHILENA', 49, '2019-01-10 13:46:09', '2019-01-10 13:46:09'),
(26, 'MARIA', 'ESPOZ', 'VARAS', 'MARIA ESPOZ VARAS', '13173378', NULL, 'CHILENA', 51, '2019-01-11 17:56:09', '2019-01-11 17:56:09'),
(27, 'ANA', 'ALARCON', 'LATORRE', 'ANA ALARCON LATORRE', '13873310', NULL, 'CHILENA', 53, '2019-01-11 18:11:17', '2019-01-11 18:11:17'),
(28, 'CRISTOPHER', 'LATORRE', 'ESPINOZA', 'CRISTOPHER LATORRE ESPINOZA', '17901922', NULL, 'CHILENA', 55, '2019-01-12 17:00:55', '2019-01-12 17:00:55'),
(29, 'ROSA', 'QUINSACARA', 'COLMAN', 'ROSA QUINSACARA COLMAN', '15870749', NULL, 'CHILENA', 57, '2019-01-12 17:25:15', '2019-01-12 17:25:15'),
(30, 'SELIM', 'GUERRA', 'TAPIA', 'SELIM GUERRA TAPIA', '17605532', NULL, 'CHILENA', 59, '2019-01-12 21:40:02', '2019-01-12 21:40:02'),
(31, 'CRSITINA', 'SALVATIERRA', 'ASPIAZU', 'CRSITINA SALVATIERRA ASPIAZU', '26470094', NULL, 'BOLIVIANA', 61, '2019-01-13 14:49:27', '2019-01-13 14:49:27'),
(32, 'NORA DEL CARMEN', 'ZARATE', 'VERGARA', 'NORA DEL CARMEN ZARATE VERGARA', '10981854', NULL, 'CHILENA', 63, '2019-01-13 16:52:05', '2019-01-13 16:52:05'),
(33, 'PATRICIA FABIOLA', 'MORALES', 'BERRIOS', 'PATRICIA FABIOLA MORALES BERRIOS', '12618229', NULL, 'CHILENA', 65, '2019-01-13 17:12:19', '2019-01-13 17:12:19'),
(34, 'DIEGO ARMANDO', 'NAZARENO', 'CAICEDO', 'DIEGO ARMANDO NAZARENO CAICEDO', '22810303', NULL, 'ECUATORIANO', 67, '2019-01-13 17:58:08', '2019-01-13 17:58:08'),
(35, 'SEBASTIAN RODRIGO', 'DIAZ', 'HENRIQUEZ', 'SEBASTIAN RODRIGO DIAZ HENRIQUEZ', '17194650', NULL, 'CHILENO', 69, '2019-01-13 18:38:45', '2019-01-13 18:38:45'),
(36, 'PEDRO MARIO', 'FURNES', 'SIBULKA', 'PEDRO MARIO FURNES SIBULKA', '9679571', NULL, 'CHILENA', 71, '2019-01-14 16:52:24', '2019-01-14 16:52:24'),
(37, 'LESLY', 'BERNAL', 'GONZALEZ', 'LESLY BERNAL GONZALEZ', '19451264', NULL, 'CHILENA', 73, '2019-01-15 03:39:48', '2019-01-15 03:39:48'),
(38, 'FRANCISCO BLADIMIR', 'ARAYA', 'DIAZ', 'FRANCISCO BLADIMIR ARAYA DIAZ', '13873953', NULL, 'CHILENO', 75, '2019-01-16 16:34:00', '2019-01-16 16:48:52'),
(39, 'CINTHIA  YOVANNA', 'MUÑOZ', 'TORRES', 'CINTHIA  YOVANNA MUÑOZ TORRES', '11379239', NULL, 'CHILENA', 77, '2019-01-16 18:03:20', '2019-01-16 18:03:20'),
(40, 'JUAN YEPSURY', 'ARAYA', 'RIVERA', 'JUAN YEPSURY ARAYA RIVERA', '15027140', NULL, 'CHILENA', 79, '2019-01-16 18:24:34', '2019-01-16 18:24:34'),
(41, 'JUAN', 'CONCHA', 'SANHUEZA', 'JUAN CONCHA SANHUEZA', '10027773', NULL, 'CHILENA', 81, '2019-01-16 19:41:03', '2019-01-16 19:41:03'),
(42, 'ANDREA', 'AHUMADA', 'PACHECO', 'ANDREA AHUMADA PACHECO', '12721720', NULL, 'CHILENA', 83, '2019-01-16 20:37:41', '2019-01-16 20:37:41'),
(43, 'SEBASTIAN ANTONIO', 'PEREZ', 'FLORES', 'SEBASTIAN ANTONIO PEREZ FLORES', '13549939', NULL, 'CHILENO', 85, '2019-01-17 02:39:05', '2019-01-17 02:39:05'),
(44, 'PATRICIA ISABEL', 'ESCOBAR', 'HUERTA', 'PATRICIA ISABEL ESCOBAR HUERTA', '11203762', NULL, 'CHILENA', 87, '2019-01-17 02:56:01', '2019-01-17 02:56:01'),
(45, 'NELSON', 'OLMOS', 'FUENZALIDA', 'NELSON OLMOS FUENZALIDA', '13531453', NULL, 'CHILENA', 89, '2019-01-18 00:35:45', '2019-01-18 00:35:45'),
(46, 'JOSE LUIS', 'FUENTES', 'ARAYA', 'JOSE LUIS FUENTES ARAYA', '15033804', NULL, 'CHILENA', 91, '2019-01-18 14:46:51', '2019-01-18 14:46:51'),
(47, 'ROBERTO', 'SALINAS', 'SEPULVEDA', 'ROBERTO SALINAS SEPULVEDA', '11874176', NULL, 'CHILENA', 93, '2019-01-18 17:29:01', '2019-01-18 17:29:01'),
(48, 'SERGIO', 'DEL SOLAR', 'GODOY', 'SERGIO DEL SOLAR GODOY', '13171341', NULL, 'CHILENA', 95, '2019-01-18 18:23:04', '2019-01-18 18:23:04'),
(49, 'RONALD DEBBIE', 'VEGA', 'DIAZ', 'RONALD DEBBIE VEGA DIAZ', '16560611', NULL, 'CHILENO', 97, '2019-01-19 17:23:40', '2019-01-19 17:23:40'),
(50, 'GISELLE AURELINA', 'GUARDIA', 'ZAMBRANO', 'GISELLE AURELINA GUARDIA ZAMBRANO', '18369582', NULL, 'CHILENA', 99, '2019-01-20 17:48:49', '2019-01-20 17:48:49'),
(51, 'JENNY', 'SANTIBAÑEZ', 'CASTILLO', 'JENNY SANTIBAÑEZ CASTILLO', '14547899', NULL, 'CHILENA', 101, '2019-01-21 03:20:04', '2019-01-21 03:20:04'),
(52, 'ROSA', 'NARRO', 'ALVA', 'ROSA NARRO ALVA', '14681407', NULL, 'PERUANA', 103, '2019-01-21 16:32:09', '2019-01-21 16:32:09'),
(53, 'ANDREA DAYAN', 'ESTRADA', 'SOLARI', 'ANDREA DAYAN ESTRADA SOLARI', '13643986', NULL, 'CHILENA', 105, '2019-01-21 19:11:05', '2019-01-21 19:11:05'),
(54, 'LUIS', 'DONOSO', 'GALLARDO', 'LUIS DONOSO GALLARDO', '8809649', NULL, 'CHILENA', 107, '2019-01-22 16:32:06', '2019-01-22 16:32:06'),
(55, 'ROBINSON EDUARDO', 'RAMOS', 'FLORES', 'ROBINSON EDUARDO RAMOS FLORES', '16450263', NULL, 'CHILENO', 109, '2019-01-22 16:37:40', '2019-01-22 16:37:40'),
(56, 'CRISTIAN EXEQUIEL', 'VEGA', 'MERCADO', 'CRISTIAN EXEQUIEL VEGA MERCADO', '17194482', NULL, 'CHILENA', 111, '2019-01-22 17:36:07', '2019-01-22 17:36:07'),
(57, 'DANIEL ALEJANDRO', 'RIVERA', 'ALVAREZ', 'DANIEL ALEJANDRO RIVERA ALVAREZ', '16189311', NULL, 'CHILENO', 113, '2019-01-23 03:07:29', '2019-01-23 03:07:29'),
(58, 'CINTYA JEANNETTE', 'TORRES', 'RAMIREZ', 'CINTYA JEANNETTE TORRES RAMIREZ', '18398769', NULL, 'CHILENA', 115, '2019-01-23 18:32:40', '2019-01-23 18:32:40'),
(59, 'DANIEL ALEJANDRO', 'RIVERA', 'ALVAREZ', 'DANIEL ALEJANDRO RIVERA ALVAREZ', '16189311', NULL, 'CHILENA', 117, '2019-01-24 01:33:37', '2019-01-24 03:01:26'),
(60, 'JACQUELIN YANETT', 'PARRA', 'JELVEZ', 'JACQUELIN YANETT PARRA JELVEZ', '8681569', NULL, 'CHILENA', 119, '2019-01-24 18:38:56', '2019-01-24 18:38:56'),
(61, 'PEDRO JAVIER', 'ALQUINTA', 'VERA', 'PEDRO JAVIER ALQUINTA VERA', '18398914', NULL, 'CHILENO', 121, '2019-01-24 19:55:09', '2019-01-24 19:55:09'),
(62, 'PEDRO JAVIER', 'ALQUINTA', 'VERA', 'PEDRO JAVIER ALQUINTA VERA', '18398914', NULL, 'CHILENO', 123, '2019-01-24 20:05:25', '2019-01-24 20:10:48'),
(63, 'BASTIAN ISAIAS', 'ROJAS', 'ARAYA', 'BASTIAN ISAIAS ROJAS ARAYA', '17635266', NULL, 'CHILENA', 125, '2019-01-25 11:55:32', '2019-01-25 11:55:32'),
(64, 'JACQUELINE', 'BELTRAN', 'ARENAS', 'JACQUELINE BELTRAN ARENAS', '13015802', NULL, 'CHILENA', 127, '2019-01-25 15:37:37', '2019-01-25 15:37:37'),
(65, 'JEANNETTE SUSANA', 'BARRIONUEVO', 'CASTILLO', 'JEANNETTE SUSANA BARRIONUEVO CASTILLO', '9954247', NULL, 'CHILENA', 129, '2019-01-25 23:26:54', '2019-01-25 23:26:54'),
(66, 'PRISCILLA NATALIA', 'CAMPAÑA', 'VICENCIO', 'PRISCILLA NATALIA CAMPAÑA VICENCIO', '14107666', NULL, 'CHILENA', 131, '2019-01-26 01:26:34', '2019-01-26 01:26:34'),
(67, 'MARCIA', 'CARRIZO', 'TABILO', 'MARCIA CARRIZO TABILO', '12568129', NULL, 'CHILENA', 133, '2019-01-26 11:43:35', '2019-01-26 11:43:35'),
(68, 'RODRIGO', 'CUEVAS', 'NEYRA', 'RODRIGO CUEVAS NEYRA', '12939783', NULL, 'CHILENA', 135, '2019-01-26 15:19:23', '2019-01-26 15:19:23'),
(69, 'MARSELLA', 'ZEPEDA', 'CUADROS', 'MARSELLA ZEPEDA CUADROS', '12131400', NULL, 'CHILENA', 137, '2019-01-26 18:00:28', '2019-01-26 18:00:28'),
(70, 'MARLENE', 'BOLADOS', 'SANHUEZA', 'MARLENE BOLADOS SANHUEZA', '8975449', NULL, 'CHILENA', 139, '2019-01-26 20:09:56', '2019-01-26 20:09:56'),
(71, 'MARLENE', 'BOLADOS', 'SANHUEZA', 'MARLENE BOLADOS SANHUEZA', '8975449', NULL, 'CHILENA', 141, '2019-01-26 20:09:59', '2019-01-26 20:09:59'),
(72, 'MARLENE', 'BOLADOS', 'SANHUEZA', 'MARLENE BOLADOS SANHUEZA', '8975449', NULL, 'CHILENA', 142, '2019-01-26 20:09:59', '2019-01-26 20:09:59'),
(73, 'GREISI', 'CABRERA', 'SORIANO', 'GREISI CABRERA SORIANO', '15083562', NULL, 'CHILENA', 145, '2019-01-26 20:41:35', '2019-01-26 20:41:35'),
(74, 'RODRIGO', 'AGUIRRE', 'AGUIRRE', 'RODRIGO AGUIRRE AGUIRRE', '14099161', NULL, 'CHILENA', 147, '2019-01-26 21:37:26', '2019-01-26 21:37:26'),
(75, 'SANDRA ELIS', 'ROJAS', 'GONZALEZ', 'SANDRA ELIS ROJAS GONZALEZ', '10939063', NULL, 'CHILENA', 149, '2019-01-27 18:30:42', '2019-01-27 18:30:42'),
(76, 'RIDER', 'MONTERO', 'AYALA', 'RIDER MONTERO AYALA', '25130948', NULL, 'BOLIVIANA', 151, '2019-01-27 18:47:55', '2019-01-27 18:47:55'),
(77, 'JENNY MILAR DE LOURDES', 'FRANCO', 'GUEVARA', 'JENNY MILAR DE LOURDES FRANCO GUEVARA', '15514762', NULL, 'CHILENA', 153, '2019-01-27 18:58:16', '2019-01-27 18:58:16'),
(78, 'CASTILLO', 'VERGARA', 'MARIA FERNANDA', 'CASTILLO VERGARA MARIA FERNANDA', '26190756', NULL, 'VENEZOLANA', 155, '2019-01-27 19:17:18', '2019-01-27 19:17:18'),
(79, 'ANA', 'GIRALDO', 'RESTREPO', 'ANA GIRALDO RESTREPO', NULL, 'AU580909', 'COLOMBIA', 157, '2019-01-28 10:41:27', '2019-01-28 10:41:27'),
(80, 'MOISES ABRAHAM', 'MORAGA', 'VILLALOBOS', 'MOISES ABRAHAM MORAGA VILLALOBOS', '9878250', NULL, 'CHILENA', 159, '2019-01-28 15:21:54', '2019-01-28 15:21:54'),
(81, 'JANET', 'ARAYA', 'FARIAS', 'JANET ARAYA FARIAS', '10180128', NULL, 'CHILENA', 161, '2019-01-28 16:38:39', '2019-01-28 16:38:39'),
(82, 'MARIANELA ANGELICA', 'MORALES', 'PIZARRO', 'MARIANELA ANGELICA MORALES PIZARRO', '15611254', NULL, 'CHILENA', 163, '2019-01-29 18:33:38', '2019-01-29 18:33:38'),
(83, 'JOSE LUIS', 'FUENTES', 'ARAYA', 'JOSE LUIS FUENTES ARAYA', '15033804', NULL, 'CHILENA', 165, '2019-01-31 16:55:58', '2019-01-31 16:55:58'),
(84, 'HECTOR', 'VILCHES', 'MOLINA', 'HECTOR VILCHES MOLINA', '12218720', NULL, 'CHILENA', 167, '2019-01-31 19:51:39', '2019-01-31 19:51:39'),
(85, 'MARIA  VICTORIA', 'VILLAFAÑA', 'VEGA', 'MARIA  VICTORIA VILLAFAÑA VEGA', '15030260', NULL, 'CHILENA', 169, '2019-02-02 15:29:14', '2019-02-02 15:29:14'),
(86, 'BIANCA YESENIA', 'ROBLES', '****', 'BIANCA YESENIA ROBLES ****', '25063237', NULL, 'BOLIVIANA', 171, '2019-02-02 16:12:00', '2019-02-02 16:12:00'),
(87, 'INGRID  DE LOURDES', 'GODOY', 'VALLEJOS', 'INGRID  DE LOURDES GODOY VALLEJOS', '10623534', NULL, 'CHILENA', 173, '2019-02-02 17:29:56', '2019-02-02 17:29:56'),
(88, 'SEBASTIAN  ANDRES', 'PINTO', 'VALLEJO', 'SEBASTIAN  ANDRES PINTO VALLEJO', '17774129', NULL, 'CHILENA', 175, '2019-02-02 17:38:54', '2019-02-02 17:40:01'),
(89, 'JORGE CARLOS', 'MEDINA', 'MELO', 'JORGE CARLOS MEDINA MELO', '17206969', NULL, 'CHILENA', 177, '2019-02-02 18:00:15', '2019-02-02 18:00:15'),
(90, 'CRISTIAN  LUIS', 'HENRIQUEZ', 'HUERTA', 'CRISTIAN  LUIS HENRIQUEZ HUERTA', '10996527', NULL, 'CHILENA', 179, '2019-02-02 18:14:59', '2019-02-02 18:14:59'),
(91, 'JOCELYN ANDREA', 'UBILLA', 'SILVA', 'JOCELYN ANDREA UBILLA SILVA', '17773383', NULL, 'CHILENA', 181, '2019-02-04 13:18:01', '2019-02-04 13:18:01'),
(92, 'PATRICIO MARCELO', 'MOLINA', 'TAPIA', 'PATRICIO MARCELO MOLINA TAPIA', '17831487', NULL, 'CHILENO', 183, '2019-02-04 16:26:10', '2019-02-04 16:26:10'),
(93, 'FREDY FELIX', 'CORTES', 'CAVERO', 'FREDY FELIX CORTES CAVERO', '9148049', NULL, 'CHILENO', 185, '2019-02-04 17:40:47', '2019-02-04 17:40:47'),
(94, 'RICARDO ANTONIO', 'CARRIZO', 'DIAZ', 'RICARDO ANTONIO CARRIZO DIAZ', '10517026', NULL, 'CHILENA', 187, '2019-02-04 18:59:05', '2019-02-04 18:59:05'),
(95, 'EDUARDO ALEJANDRO', 'LARA', 'MADARIAGA', 'EDUARDO ALEJANDRO LARA MADARIAGA', '15029431', NULL, 'CHILENA', 189, '2019-02-05 16:02:17', '2019-02-05 16:02:17'),
(96, 'LORENZO ANDALIEN', 'OSORIO', 'CUEVAS', 'LORENZO ANDALIEN OSORIO CUEVAS', '9763846', NULL, 'CHILENA', 191, '2019-02-05 17:54:09', '2019-02-05 17:54:09'),
(97, 'CARLA PATRICIA', 'FLORES', 'FREDES', 'CARLA PATRICIA FLORES FREDES', '15030850', NULL, 'CHILENA', 193, '2019-02-05 23:03:37', '2019-02-05 23:03:37');

-- --------------------------------------------------------

--
-- Estructura de tabla para la tabla `direcciones`
--

CREATE TABLE `direcciones` (
  `id` int(10) UNSIGNED NOT NULL,
  `calle` varchar(191) COLLATE utf8mb4_unicode_ci DEFAULT NULL,
  `numero` varchar(191) COLLATE utf8mb4_unicode_ci DEFAULT NULL,
  `departamento` varchar(191) COLLATE utf8mb4_unicode_ci DEFAULT NULL,
  `poblacion` varchar(191) COLLATE utf8mb4_unicode_ci DEFAULT NULL,
  `comuna` varchar(191) COLLATE utf8mb4_unicode_ci DEFAULT NULL,
  `ciudad` varchar(191) COLLATE utf8mb4_unicode_ci DEFAULT NULL,
  `fono` varchar(191) COLLATE utf8mb4_unicode_ci DEFAULT NULL,
  `email` varchar(191) COLLATE utf8mb4_unicode_ci DEFAULT NULL,
  `created_at` timestamp NULL DEFAULT NULL,
  `updated_at` timestamp NULL DEFAULT NULL
) ENGINE=InnoDB DEFAULT CHARSET=utf8mb4 COLLATE=utf8mb4_unicode_ci;

--
-- Volcado de datos para la tabla `direcciones`
--

INSERT INTO `direcciones` (`id`, `calle`, `numero`, `departamento`, `poblacion`, `comuna`, `ciudad`, `fono`, `email`, `created_at`, `updated_at`) VALUES
(1, '', '', '', '', '', 'COPIAPO', '', '', '2018-12-31 12:01:52', '2018-12-31 12:01:52'),
(2, '', '', '', '', '', '', '', '', '2018-12-31 12:01:53', '2018-12-31 12:01:53'),
(3, 'PJE. MONTALBAN', '1228', '', 'OHIGGINS', 'COPIAPO', 'COPIAPO', '+56950194579', 'KCASTILLOR@GMAIL.COM', '2018-12-31 12:03:45', '2018-12-31 12:19:03'),
(4, '', '', '', '', '', '', '', '', '2018-12-31 12:03:45', '2018-12-31 12:03:45'),
(5, 'PJE 2', '628', '', 'BORGOÑO', 'COPIAPO', 'COPIAPO', '+56950194579', 'KCASTILLOR@GMAIL.COM', '2018-12-31 13:14:04', '2018-12-31 13:14:04'),
(6, '', '', '', '', '', '', '', '', '2018-12-31 13:14:05', '2018-12-31 13:14:05'),
(7, 'PADRE  NEGRO', '05', '', 'JUAN  PABLO  02', 'COPIAPO', 'COPIAPO', '47427621', 'YANINA.BARRAZA31@HOTMAIL.COM', '2019-01-01 18:26:12', '2019-01-01 18:26:12'),
(8, '', '', '', '', '', '', '', '', '2019-01-01 18:26:12', '2019-01-01 18:26:12'),
(9, 'TOMAS  LAFERTE', '3506', '', 'VILLA  PEDRO  VALDIVIA', 'COPIAPO', 'COPIAPO', '55146495', 'DELSOLARTOCOP@GMAIL.COM', '2019-01-01 19:01:00', '2019-01-01 19:01:00'),
(10, '', '', '', '', '', '', '', '', '2019-01-01 19:01:00', '2019-01-01 19:01:00'),
(11, 'ANDRES  PEREZ', '2449', '', 'ALTO  EL  MIRADOR', 'COQUIMBO', 'COQUIMBO', '93349853', 'CRISTIANBAIGORRI.S@GMAIL.COM', '2019-01-01 21:11:07', '2019-01-01 21:11:07'),
(12, '', '', '', '', '', '', '', '', '2019-01-01 21:11:07', '2019-01-01 21:11:07'),
(13, 'LAS  AÑAÑUCAS', '198', '', 'VILLA  CODELCO', 'COPIAPO', 'COPIAPO', '998861481', 'EUGENIO.ALBASINI@EALBASINIMOTOS.CL', '2019-01-01 22:28:13', '2019-01-01 22:28:13'),
(14, '', '', '', '', '', '', '', '', '2019-01-01 22:28:13', '2019-01-01 22:28:13'),
(15, 'PASAJE HOUDSON', '2767', '', 'LOS VOLCANES IV ETAPA', 'COPIAPO', 'COPIAPO', '997904977', '', '2019-01-02 13:53:44', '2019-01-02 13:53:44'),
(16, '', '', '', '', '', '', '', '', '2019-01-02 13:53:45', '2019-01-02 13:53:45'),
(17, 'CALLE PUEBLO SAN FERNANDO', '6237', '', 'VILLA LAS BRISAS I', 'COPIAPO', 'COPIAPO', '957097258 - 977007084', 'GROJAS052@YAHOO.ES', '2019-01-02 18:03:34', '2019-01-02 18:03:34'),
(18, '', '', '', '', '', '', '', '', '2019-01-02 18:03:34', '2019-01-02 18:03:34'),
(19, 'CABURGA', '1199', '', 'VILLA ARAUCO', 'COPIAPO', 'COPIAPO', '956020945', 'ENZOC8147@GMAIL.COM', '2019-01-03 15:49:39', '2019-01-03 15:49:39'),
(20, '', '', '', '', '', '', '', '', '2019-01-03 15:49:39', '2019-01-03 15:49:39'),
(21, 'FELIPE MERCADO', '830', '', 'POBLACION CARTAVIO', 'COPIAPO', 'COPIAPO', '988130745 - 942155401', '', '2019-01-03 19:04:37', '2019-01-03 19:04:37'),
(22, '', '', '', '', '', '', '', '', '2019-01-03 19:04:37', '2019-01-03 19:04:37'),
(23, 'LUIS FLORES', '310', '3', '', 'COPIAPO', 'COPIAPO', '564058', '', '2019-01-03 19:28:44', '2019-01-03 19:28:44'),
(24, '', '', '', '', '', '', '', '', '2019-01-03 19:28:44', '2019-01-03 19:28:44'),
(25, 'PASAJE LLANOS SE SOTO', '6420', '', 'VILLA ESTACION', 'COPIAPO', 'COPIAPO', '975506828', '', '2019-01-04 13:47:43', '2019-01-04 13:47:43'),
(26, '', '', '', '', '', '', '', '', '2019-01-04 13:47:43', '2019-01-04 13:47:43'),
(27, 'ACACIOS', '1311', '', '', 'DIEGO ALMAGRO', 'COPIAPO', '993255063', 'KARINAGODOYR@GMAIL.COM', '2019-01-04 18:19:15', '2019-01-04 18:19:15'),
(28, '', '', '', '', '', '', '', '', '2019-01-04 18:19:16', '2019-01-04 18:19:16'),
(29, 'LOS SARGAZOS', '1515', '151', 'JARDIN DEL MAR  EDIFICIO COSTA VISTA', 'VIÑA DEL MAR', 'VIÑA DEL MAR', '942902156-92302795', '', '2019-01-04 18:45:17', '2019-01-04 18:45:17'),
(30, '', '', '', '', '', '', '', '', '2019-01-04 18:45:17', '2019-01-04 18:45:17'),
(31, 'PEDRO  MONTT', '1467', '', 'VILLA   LOS  SALARES', 'COPIAPO', 'COPIAPO', '64653803', 'YGOMEZMONDACA@GMAIL.COM', '2019-01-05 14:29:12', '2019-01-05 14:29:12'),
(32, '', '', '', '', '', '', '', '', '2019-01-05 14:29:12', '2019-01-05 14:29:12'),
(33, 'MULCHEN', '6555', '', 'ESTACION   PAIPOTE', 'COPIAPO', 'COPIAPO', '45790489', 'DIEGO93910@GMAIL.COM', '2019-01-05 21:28:27', '2019-01-05 21:28:27'),
(34, '', '', '', '', '', '', '', '', '2019-01-05 21:28:27', '2019-01-05 21:28:27'),
(35, 'EL TEPUAL', '853', '', 'AEROPUERTO', 'CHAÑARAL', 'CHAÑARAL', '944507823', '', '2019-01-06 16:42:05', '2019-01-06 16:42:05'),
(36, '', '', '', '', '', '', '', '', '2019-01-06 16:42:05', '2019-01-06 16:42:05'),
(37, 'JUAN SEGUNDO ROJO', '112', '', 'CENTRO', 'TIERRA AMARILLA', 'TIERRA AMARILLA', '999898813', '', '2019-01-06 18:25:52', '2019-01-06 18:25:52'),
(38, '', '', '', '', '', '', '', '', '2019-01-06 18:25:52', '2019-01-06 18:25:52'),
(39, 'SALITRERA TRINIDAD', '1460', '', 'EL PALOMAR', 'COPIAPÓ', 'COPIAPÓ', '994305515', '', '2019-01-06 19:27:13', '2019-01-06 19:27:13'),
(40, '', '', '', '', '', '', '', '', '2019-01-06 19:27:13', '2019-01-06 19:27:13'),
(41, 'CACHIYUYO', '82', '', 'VILLA CODELCO', 'COPIAPO', 'COPIAPO', '952769881', '', '2019-01-08 18:01:12', '2019-01-08 18:01:12'),
(42, '', '', '', '', '', '', '', '', '2019-01-08 18:01:12', '2019-01-08 18:01:12'),
(43, 'RIO NEVADO', '1579', '', 'VALLE LOS DE RIOS', 'COPIAPÓ', 'COPIAPO', '976862796', 'GAETE_38@YAHOO.ES', '2019-01-08 22:31:20', '2019-01-08 22:31:20'),
(44, '', '', '', '', '', '', '', '', '2019-01-08 22:31:21', '2019-01-08 22:31:21'),
(45, 'PADRE  NEGRO  460', '460', '', 'VILLA  PUNTA  NEGRA', 'COPIAPO', 'COPIAPO', '71260618', 'URQUETAPATRICIO@GMAIL.COM', '2019-01-09 03:49:47', '2019-01-09 03:49:47'),
(46, '', '', '', '', '', '', '', '', '2019-01-09 03:49:47', '2019-01-09 03:49:47'),
(47, 'MINA REVENTON COLORADO', '4168', '', 'VILLA DON EMILIO ESCOBAR Y OSSA', 'COPIAPO', 'COPIAPO', '981982666/522284608', 'CATALINA.OLIVARES.E@GMAIL.COM', '2019-01-09 14:51:58', '2019-01-09 14:51:58'),
(48, '', '', '', '', '', '', '', '', '2019-01-09 14:51:58', '2019-01-09 14:51:58'),
(49, 'CARMEN VILCHES', '705', '', 'TIERRA VIVA', 'COPIAPO', 'COPIAPO', '982590231/999988885', 'GERADAHIDALGO@HOTMAIL.COM', '2019-01-10 13:46:09', '2019-01-10 13:46:09'),
(50, '', '', '', '', '', '', '', '', '2019-01-10 13:46:10', '2019-01-10 13:46:10'),
(51, 'AVENIDA PALOMAR', '2689', '', 'PALOMAR', 'COPIAPO', 'COPIAPO', '974983683', 'MARIAESPOZ@GMAIL.COM', '2019-01-11 17:56:09', '2019-01-11 17:56:09'),
(52, '', '', '', '', '', '', '', '', '2019-01-11 17:56:09', '2019-01-11 17:56:09'),
(53, 'VILLARRICA', '1825', '', 'LOS  VOLCANES', 'COPIAPO', 'COPIAPO', '963327151', 'NEGRA_JOSEFA@HOTMAIL.COM', '2019-01-11 18:11:17', '2019-01-11 18:11:17'),
(54, '', '', '', '', '', '', '', '', '2019-01-11 18:11:17', '2019-01-11 18:11:17'),
(55, 'PASAJE  PADRE  SECILIANO', '5966', '', 'VILLA  PUNTA  NEGRA', 'COPIAPO', 'COPIAPO', '942673615', 'CRISTOPHERLATORRE@GMAIL.COM', '2019-01-12 17:00:55', '2019-01-12 17:00:55'),
(56, '', '', '', '', '', '', '', '', '2019-01-12 17:00:56', '2019-01-12 17:00:56'),
(57, 'PASAJE   AZUFRE', '1982', '', 'CERRO   CAPI', 'COPIAPO', 'COPIAPO', '968047376', 'QUINSACARACOLMAN@GMAIL.COM', '2019-01-12 17:25:15', '2019-01-12 17:25:15'),
(58, '', '', '', '', '', '', '', '', '2019-01-12 17:25:15', '2019-01-12 17:25:15'),
(59, 'ESMERALDA', '1215', '', '', 'CALDERA', 'CALDERA', '56865119', 'SELIM.GUERRA@GMAIL.COM', '2019-01-12 21:40:02', '2019-01-12 21:40:02'),
(60, '', '', '', '', '', '', '', '', '2019-01-12 21:40:03', '2019-01-12 21:40:03'),
(61, 'PADRE  NEGRO', '18', '', 'JUAN  PABLO  II', 'COPIAPO', 'COPIAPO', '9 95737004', '', '2019-01-13 14:49:27', '2019-01-13 14:49:27'),
(62, '', '', '', '', '', '', '', '', '2019-01-13 14:49:27', '2019-01-13 14:49:27'),
(63, 'PASAJE ELEUTERIO RAMIREZ', '1552', '', 'VILLA ESPERANZA', 'COPIAPO', 'COPIAPÓ', '965016238', '', '2019-01-13 16:52:05', '2019-01-13 16:52:05'),
(64, '', '', '', '', '', '', '', '', '2019-01-13 16:52:06', '2019-01-13 16:52:06'),
(65, 'PASAJE LISZT', '526', '', 'ALTO PALOMAR', 'COPIAPO', 'COPIAPO', '987290027', 'PATT.PREVENCION@GMAIL.COM', '2019-01-13 17:12:19', '2019-01-13 17:12:19'),
(66, '', '', '', '', '', '', '', '', '2019-01-13 17:12:20', '2019-01-13 17:12:20'),
(67, 'CABURGUA', '1126', '', 'VILLA ARAUCO', 'COPIAPO', 'COPIAPO', '992528083', '', '2019-01-13 17:58:08', '2019-01-13 17:58:08'),
(68, '', '', '', '', '', '', '', '', '2019-01-13 17:58:08', '2019-01-13 17:58:08'),
(69, 'LUIS FLORES', '390', '233', 'EL PALOMAR', 'COPIAPO', 'COPIAPO', '963423612', 'SEBASTHIAN.DIAZ@HOTMAIL.COM', '2019-01-13 18:38:45', '2019-01-13 18:38:45'),
(70, '', '', '', '', '', '', '', '', '2019-01-13 18:38:45', '2019-01-13 18:38:45'),
(71, 'HIDRA', '2636', '104', 'VILLA SAN MIGUEL', 'PUENTE ALTO', 'SANTIAGO', '933803440 - 951951819', '', '2019-01-14 16:52:24', '2019-01-14 16:53:52'),
(72, '', '', '', '', '', '', '', '', '2019-01-14 16:52:24', '2019-01-14 16:52:24'),
(73, 'JOSE ANTONIO CARVAJAL', '649', '', 'PEDRO  LEON  GALLO', 'COPIAPO', 'COPIAPO', '47376133', '', '2019-01-15 03:39:48', '2019-01-15 03:39:48'),
(74, '', '', '', '', '', '', '', '', '2019-01-15 03:39:48', '2019-01-15 03:39:48'),
(75, 'JUAN MELGAREJO', '5352', '', 'ESTACION PAIPOTE', 'COPIAPO', 'COPIAPO', '989580995', '', '2019-01-16 16:34:00', '2019-01-16 16:48:52'),
(76, '', '', '', '', '', '', '', '', '2019-01-16 16:34:00', '2019-01-16 16:34:00'),
(77, 'LOS PERALES SUR', 'S/N', '', '', 'ALTO DEL CARMEN', 'VALLENAR', '982645844/56331897', '', '2019-01-16 18:03:20', '2019-01-16 18:03:20'),
(78, '', '', '', '', '', '', '', '', '2019-01-16 18:03:20', '2019-01-16 18:03:20'),
(79, 'CAPITAN AVALOS', '0207', '', 'AEROPUERTO', 'CHAÑARAL', 'CHAÑARAL', '953737556/964913033', 'ARAYA.RIVERA.JUAN@GMAIL.COM', '2019-01-16 18:24:34', '2019-01-16 18:24:34'),
(80, '', '', '', '', '', '', '', '', '2019-01-16 18:24:35', '2019-01-16 18:24:35'),
(81, 'LAS DELICIAS', '286', '', 'LA COLINA', 'COPIAPO', 'COPIAPO', '982681134', 'JACS70@GMAIL.COM', '2019-01-16 19:41:03', '2019-01-16 19:41:03'),
(82, '', '', '', '', '', '', '', '', '2019-01-16 19:41:03', '2019-01-16 19:41:03'),
(83, 'LOS CARRERA', '4748', '', '', 'COPIAPO', 'COPIAPO', '971098083', '', '2019-01-16 20:37:41', '2019-01-16 20:37:41'),
(84, '', '', '', '', '', '', '', '', '2019-01-16 20:37:41', '2019-01-16 20:37:41'),
(85, 'PASAJE CALIGULA', '691', '', 'VILLA MARGARITA', 'SANTIAGO', 'SANTIAGO', '993330164', '', '2019-01-17 02:39:05', '2019-01-17 02:39:05'),
(86, '', '', '', '', '', '', '', '', '2019-01-17 02:39:05', '2019-01-17 02:39:05'),
(87, '19 DE MAYO', '642', '', 'PEDRO LEON GALLO', 'COPIAPÓ', 'COPIAPÓ', '985865617', '', '2019-01-17 02:56:01', '2019-01-17 02:56:01'),
(88, '', '', '', '', '', '', '', '', '2019-01-17 02:56:02', '2019-01-17 02:56:02'),
(89, 'AVDA EL CISNE', '638', '', '', 'CALDERA', 'COPIAPO', '49275313', 'NOLMOS1978@LIVE.CL', '2019-01-18 00:35:45', '2019-01-18 00:35:45'),
(90, '', '', '', '', '', '', '', '', '2019-01-18 00:35:45', '2019-01-18 00:35:45'),
(91, 'QUEBRADA DE PUNTOC', '1125', '', 'VILLA ALTO COPIAPO', 'COPIAPO', 'COPIAPO', '941823668/954397342', 'JLFAI3CE@GMAIL.COM', '2019-01-18 14:46:51', '2019-01-18 14:46:51'),
(92, '', '', '', '', '', '', '', '', '2019-01-18 14:46:51', '2019-01-18 14:46:51'),
(93, 'LLANOS  DE  MACHALI', '621', '', 'LLANOS  DE  OLLANTAY', 'COPIAPO', 'COPIAPO', '99091330', 'ROBERTO.SALINAS@JUMBO.CL', '2019-01-18 17:29:01', '2019-01-18 17:29:01'),
(94, '', '', '', '', '', '', '', '', '2019-01-18 17:29:01', '2019-01-18 17:29:01'),
(95, 'TOMAS  LAFERTE', '3506', '', 'VILLA  PEDRO  VALDIVIA', 'COPIAPO', 'COPIAPO', '55146495', 'DELSOLARTOCOP@GMAIL.COM', '2019-01-18 18:23:04', '2019-01-18 18:23:04'),
(96, '', '', '', '', '', '', '', '', '2019-01-18 18:23:04', '2019-01-18 18:23:04'),
(97, 'PASAJE RAMADILLA', '987', '', 'LITORAL AZUL', 'COPIAPÓ', 'COPIAPO', '966105334', 'RONVER.87@GMAIL.COM', '2019-01-19 17:23:40', '2019-01-19 17:23:40'),
(98, '', '', '', '', '', '', '', '', '2019-01-19 17:23:40', '2019-01-19 17:23:40'),
(99, 'PALERMO CON MINERIA BOCK C', '1155', '203', 'PALOMAR', 'COPIAPÓ', 'COPIAPO', '994832873', 'GISELLEGUARDIAZAMBRANO@GMAIL.COM', '2019-01-20 17:48:49', '2019-01-20 17:48:49'),
(100, '', '', '', '', '', '', '', '', '2019-01-20 17:48:50', '2019-01-20 17:48:50'),
(101, 'AVENIDA   CANDELARIA', '26', '', 'JUAN  PABLO   02', 'COPIAPO', 'COPIAPO', '66952754', '', '2019-01-21 03:20:04', '2019-01-21 03:20:04'),
(102, '', '', '', '', '', '', '', '', '2019-01-21 03:20:04', '2019-01-21 03:20:04'),
(103, 'CRISTOBAL DE MOLINA', '4264', '', 'RINCONADA SN.FERNANDO', 'COPIAPO', 'COPIAPO', '974881916', 'ROSITANARRO@GMAIL.COM', '2019-01-21 16:32:09', '2019-01-21 16:32:09'),
(104, '', '', '', '', '', '', '', '', '2019-01-21 16:32:09', '2019-01-21 16:32:09'),
(105, 'PADRE EUQUERIO', '5955', '', 'PUNTA NEGRA', 'COPIAPO', 'COPIAPO', '987783200/951930759', 'AESTRADA29@GMAIL.COM', '2019-01-21 19:11:05', '2019-01-21 19:11:05'),
(106, '', '', '', '', '', '', '', '', '2019-01-21 19:11:06', '2019-01-21 19:11:06'),
(107, 'ISABEL RIQUELME', '1283', '', 'PEDRO LEON GALLO', 'COPIAPO', 'COPIAPO', '', '', '2019-01-22 16:32:05', '2019-01-22 16:32:05'),
(108, '', '', '', '', '', '', '', '', '2019-01-22 16:32:06', '2019-01-22 16:32:06'),
(109, 'VILLA ALEGRE', '81', '', 'PEBLO EL SALADO', 'CHAÑARAL', 'COPIAPO', '989685473', 'JEZABEL.VILLANUEVA@LIVE.COM', '2019-01-22 16:37:40', '2019-01-22 16:37:40'),
(110, '', '', '', '', '', '', '', '', '2019-01-22 16:37:40', '2019-01-22 16:37:40'),
(111, 'MANGANITA', '2099', '', 'LOS MINERALES', 'COPIAPO', 'COPIAPO', '96949044', 'CRISTIAN_EXEQUIEL@HOTMAIL.COM', '2019-01-22 17:36:07', '2019-01-22 17:36:07'),
(112, 'MANGANITA', '2099', '', 'LOS MINERALES', 'COPIAPO', 'COPIAPO', '96949044', '', '2019-01-22 17:36:08', '2019-01-22 17:37:01'),
(113, 'LOS CARRERA', '2837', '', '', 'COPIAPÓ', 'COPIAPO', '989879278', 'DANIELK_19@HOTMAIL.COM', '2019-01-23 03:07:29', '2019-01-23 03:07:29'),
(114, '', '', '', '', '', '', '', '', '2019-01-23 03:07:30', '2019-01-23 03:07:30'),
(115, 'PEDRO DE VALDIVIA', '310', '618', 'DOÑA ALEJANDRINA', 'COPIAPO', 'COPIAPO', '973615126', 'CINTYA1993@GMAIL.COM', '2019-01-23 18:32:40', '2019-01-23 18:32:40'),
(116, '', '', '', '', '', '', '', '', '2019-01-23 18:32:40', '2019-01-23 18:32:40'),
(117, 'LANIN', '2409', '', 'LOS VOLCANES', 'COPIAPO', 'COPIAPO', '9-89879278', 'DANIELKA_@GMAIL.COM', '2019-01-24 01:33:37', '2019-01-24 03:01:26'),
(118, '', '', '', '', '', '', '', '', '2019-01-24 01:33:38', '2019-01-24 01:33:38'),
(119, 'GUILLERMO ROJAS CARRASCO', '427', '', 'BARRIO NUEVO', 'COPIAPO', 'COPIAPO', '973810676', 'JACQUELIN49.PARRA@GMAIL.COM', '2019-01-24 18:38:56', '2019-01-24 18:38:56'),
(120, '', '', '', '', '', '', '', '', '2019-01-24 18:38:57', '2019-01-24 18:38:57'),
(121, 'PADRE DOMINGO CARMONA', '870', '', 'JUAN PABLO SEGUNDO', 'COPIAPO', 'COPIAPO', '952341704', 'PEDROALQUINTAVERA@GMAIL.COM', '2019-01-24 19:55:08', '2019-01-24 19:55:08'),
(122, '', '', '', '', '', '', '', '', '2019-01-24 19:55:09', '2019-01-24 19:55:09'),
(123, 'PADRE DOMINGO CARMONA', '870', '', 'JUAN PABLO SEGUNDO', 'COPIAPO', 'COPIAPO', '952341704', 'PEDROALQUINTAVERA@GMAIL.COM', '2019-01-24 20:05:25', '2019-01-24 20:05:25'),
(124, '', '', '', '', '', '', '', '', '2019-01-24 20:05:26', '2019-01-24 20:05:26'),
(125, 'PASAJE 8', '844', '', 'JOTABECHE', 'COPIAPO', 'COPIAPO', '942316293', 'BASTIANROJASARAYA53@GMAIL.COM', '2019-01-25 11:55:32', '2019-01-25 11:55:32'),
(126, '', '', '', '', '', '', '', '', '2019-01-25 11:55:32', '2019-01-25 11:55:32'),
(127, 'JOSEFA GUZMAN', '4294', '', 'RINCONADA SAN FERNANDO', 'COPIAPO', 'COPIAPO', '75750264-81978788', '', '2019-01-25 15:37:37', '2019-01-25 15:37:37'),
(128, '', '', '', '', '', '', '', '', '2019-01-25 15:37:37', '2019-01-25 15:37:37'),
(129, 'AVDA. RÍO COPIAPÓ SUR', '835', '', 'SECTOR CANCHA RAYADA', 'COPIAPÓ', 'COPIAPÓ', '987736125', '', '2019-01-25 23:26:53', '2019-01-25 23:26:53'),
(130, '', '', '', '', '', '', '', '', '2019-01-25 23:26:54', '2019-01-25 23:26:54'),
(131, 'EL CISNE', '625', '', 'DESIERTO FLORIDO', 'CALDERA', 'COPIAPÓ', '956154516', '', '2019-01-26 01:26:34', '2019-01-26 01:26:34'),
(132, '', '', '', '', '', '', '', '', '2019-01-26 01:26:34', '2019-01-26 01:26:34'),
(133, 'LAS  MACHAS', '1002', '', 'LITORAL  AZUL', 'COPIAPO', 'COPIAPO', '31331808', '', '2019-01-26 11:43:35', '2019-01-26 11:43:35'),
(134, '', '', '', '', '', '', '', '', '2019-01-26 11:43:35', '2019-01-26 11:43:35'),
(135, 'VILLA  JARDIN DE LA CAPILLA CANDELARIA', '01', '', '', 'COPIAPO', 'COPIAPO', '972663283', 'RODRIGO.CUEVAS@REDSALUD.GOV.CL', '2019-01-26 15:19:23', '2019-01-26 15:19:23'),
(136, '', '', '', '', '', '', '', '', '2019-01-26 15:19:23', '2019-01-26 15:19:23'),
(137, 'AVENIDA  CARLOS  CONDELL', '1619', '', 'VILLA  LOS SALARES', 'COPIAPO', 'COPIAPO', '76297319', '', '2019-01-26 18:00:28', '2019-01-26 18:00:28'),
(138, '', '', '', '', '', '', '', '', '2019-01-26 18:00:28', '2019-01-26 18:00:28'),
(139, 'VILLA  EL  MARAY', '21', '', '', 'COPIAPO', 'COPIAPO', '995033741', 'MARLEN.BOLADOS@GMAIL.COM', '2019-01-26 20:09:56', '2019-01-26 20:09:56'),
(140, '', '', '', '', '', '', '', '', '2019-01-26 20:09:57', '2019-01-26 20:09:57'),
(141, 'VILLA  EL  MARAY', '21', '', '', 'COPIAPO', 'COPIAPO', '995033741', 'MARLEN.BOLADOS@GMAIL.COM', '2019-01-26 20:09:58', '2019-01-26 20:09:58'),
(142, 'VILLA  EL  MARAY', '21', '', '', 'COPIAPO', 'COPIAPO', '995033741', 'MARLEN.BOLADOS@GMAIL.COM', '2019-01-26 20:09:58', '2019-01-26 20:09:58'),
(143, '', '', '', '', '', '', '', '', '2019-01-26 20:09:59', '2019-01-26 20:09:59'),
(144, '', '', '', '', '', '', '', '', '2019-01-26 20:09:59', '2019-01-26 20:09:59'),
(145, 'MANUEL  RETAMAL', '862', '', 'LLANOS  OLLANTAY   02', '', '', '954732582', '', '2019-01-26 20:41:35', '2019-01-26 20:41:35'),
(146, '', '', '', '', '', '', '', '', '2019-01-26 20:41:35', '2019-01-26 20:41:35'),
(147, 'SALITRERA  BARRENECHEA', '895', '', 'PALOMAR', 'COPIAPO', 'COPIAPO', '85732342', 'RODRIGOAGUIRRE.1981@GMAIL.COM', '2019-01-26 21:37:26', '2019-01-26 21:37:26'),
(148, '', '', '', '', '', '', '', '', '2019-01-26 21:37:27', '2019-01-26 21:37:27'),
(149, 'SALT. LIMEÑITA', '2489', '', 'EL PALOMAR', 'COPIAPÓ', 'COPIAPÓ', '+56962399762', 'SANDRAE.ROJAS@GMAIL.COM', '2019-01-27 18:30:42', '2019-01-27 18:30:42'),
(150, '', '', '', '', '', '', '', '', '2019-01-27 18:30:42', '2019-01-27 18:30:42'),
(151, 'PJE, COLOMBIA', '96', '', 'TOMAS SECTOR ANDACOLLO', 'COPIAPÓ', 'COPIAPÓ', '+56944629535', '', '2019-01-27 18:47:55', '2019-01-27 18:47:55'),
(152, '', '', '', '', '', '', '', '', '2019-01-27 18:47:55', '2019-01-27 18:47:55'),
(153, 'GASPAR CABRALES', '1026', '', 'ROSARIO', 'COPIAPO', 'COPIAPO', '+56982075241', 'JAM.JAS.PAB@GMAIL.COM', '2019-01-27 18:58:16', '2019-01-27 18:58:16'),
(154, '', '', '', '', '', '', '', '', '2019-01-27 18:58:16', '2019-01-27 18:58:16'),
(155, 'AVDA. COPAYAPU', '3268', '', 'DPTO 308 - TORRE MARIA ISABEL - COND. WHEELRIGTH', 'COPIAPO', 'COPIAPO', '+5683799771', 'MARIAFERNANDACASTILLO8@GMAIL.COM', '2019-01-27 19:17:18', '2019-01-27 19:17:18'),
(156, '', '', '', '', '', '', '', '', '2019-01-27 19:17:18', '2019-01-27 19:17:18'),
(157, 'AVENIDA  COPAYAPU', '3268', '222  ALTO  FRAILE', 'CONDOMINIO  WHEELLWHRITGH', 'COPIAPO', 'COPIAPO', '941254299', 'ANNYGIRALDO1985@GMAIL.COM', '2019-01-28 10:41:27', '2019-01-28 10:41:27'),
(158, '', '', '', '', '', '', '', '', '2019-01-28 10:41:27', '2019-01-28 10:41:27'),
(159, 'DOCTOR CARLOS ALLENDE', '2450', '', 'VILLA LO FRANCO', 'QUINTA NORMAL', 'SANTIAGO', '982888052', 'MMORAGA@KAUFMANN.CL', '2019-01-28 15:21:54', '2019-01-28 15:21:54'),
(160, 'DR. CARLOS ALLENDE', '2450', '', 'VILLA LO FRANCO', 'QUINTA NORMAL', 'SANTIAGO', '982888052', 'MMORAGA@KAUFMANN.CL', '2019-01-28 15:21:54', '2019-01-28 15:24:03'),
(161, 'CARLOS  VILLALOBOS', '1088', '', 'PEDRO LEON GALLO', 'COPIAPO', 'COPIAPO', '961385669-931323255', 'LILIAN.HERRERA.A10@GMAIL.COM', '2019-01-28 16:38:39', '2019-01-28 16:38:39'),
(162, '', '', '', '', '', '', '', '', '2019-01-28 16:38:39', '2019-01-28 16:38:39'),
(163, 'PASAJE JERONIMO DE VIVAR', '0697', '', 'RINCONADA SAN FERNANDO', 'COPIAPO', 'COPIAPO', '987360900', 'MARINELAANGELICA27@GMAIL.COM', '2019-01-29 18:33:38', '2019-01-29 18:33:38'),
(164, '', '', '', '', '', '', '', '', '2019-01-29 18:33:38', '2019-01-29 18:33:38'),
(165, 'QUEBRADA DE PUNTOC', '1125', '', 'ALTOS DE COPIAPO', 'COPIAPO', 'COPIAPO', '941823668-954397342', 'JLFAI3CE@GMAIL.COM', '2019-01-31 16:55:58', '2019-01-31 16:55:58'),
(166, '', '', '', '', '', '', '', '', '2019-01-31 16:55:58', '2019-01-31 16:55:58'),
(167, 'JUAN  RAMON  SILVA', '1825', '', 'HEROES   ATACAMA', 'COPIAPO', 'COPIAPO', '92302159', 'HRVMVILCHES@GMAIL.COM', '2019-01-31 19:51:39', '2019-01-31 19:51:39'),
(168, '', '', '', '', '', '', '', '', '2019-01-31 19:51:39', '2019-01-31 19:51:39'),
(169, 'RAHUE', '2037', '', 'ESTACION PAIPOTE', 'COPIAPO', 'COPIAPO', '+569 - 84483624', '', '2019-02-02 15:29:14', '2019-02-02 15:29:14'),
(170, '', '', '', '', '', '', '', '', '2019-02-02 15:29:14', '2019-02-02 15:29:14'),
(171, 'YERBAS BUENAS', '1504', '', 'CARTAVIO', 'COPIAPO', 'COPIAPO', '+56950610778', '', '2019-02-02 16:12:00', '2019-02-02 16:12:00'),
(172, '', '', '', '', '', '', '', '', '2019-02-02 16:12:00', '2019-02-02 16:12:00'),
(173, 'GABRIELA MISTRAL', '1367', '', 'BALMACEDA SUR', 'COPIAPO', 'COPIAPO', '+569 - 79245453', 'INGRI_67_@GMAIL.COM', '2019-02-02 17:29:56', '2019-02-02 17:29:56'),
(174, '', '', '', '', '', '', '', '', '2019-02-02 17:29:56', '2019-02-02 17:29:56'),
(175, 'MIGUEL GALLO', '1033', '', 'PEDRO LEON GALLO', 'COPIAPO', 'COPIAPO', '+569 - 48647706', 'SEBAL8@GMAIL.COM', '2019-02-02 17:38:54', '2019-02-02 17:38:54'),
(176, '', '', '', '', '', '', '', '', '2019-02-02 17:38:55', '2019-02-02 17:38:55'),
(177, 'TAMBILLOS DE INGA', '826', '', 'ALTO DE COPIAPO', 'COPIAPO', 'COPIAPO', '+569 - 66880705', 'JORGELINK_89@GMAIL.COM', '2019-02-02 18:00:15', '2019-02-02 18:01:51'),
(178, '', '', '', '', '', '', '', '', '2019-02-02 18:00:15', '2019-02-02 18:00:15'),
(179, 'AVDA. EJERCITO', '23', '', 'LOS ESTANDARTES', 'COPIAPO', 'COPIAPO', '+569 - 81561129', 'CHENRIQUEZ@GMAILDIMACOFI.CL', '2019-02-02 18:14:58', '2019-02-02 18:14:58'),
(180, '', '', '', '', '', '', '', '', '2019-02-02 18:14:59', '2019-02-02 18:14:59'),
(181, 'CANTO DE LAGO', '753', '', 'ROSARIO', 'COPIAPO', 'COPIAPO', '978017892', 'JOSCY.UBILLA@GMAIL.COM', '2019-02-04 13:18:01', '2019-02-04 13:18:01'),
(182, '', '', '', '', '', '', '', '', '2019-02-04 13:18:01', '2019-02-04 13:18:01'),
(183, 'GINO VIANCHI', '1746', '', 'COLO COLO', 'COPIAPO', 'COPIAPO', '996757232', '', '2019-02-04 16:26:10', '2019-02-04 16:26:10'),
(184, '', '', '', '', '', '', '', '', '2019-02-04 16:26:11', '2019-02-04 16:26:11'),
(185, 'ESTACION PUNTA DIAZ', '6560', '', 'PAIPOTE', 'COPIAPO', 'COPIAPO', '981520669', 'FREDYCORTESCAVERO@HOTMAIL.COM', '2019-02-04 17:40:47', '2019-02-04 17:40:47'),
(186, '', '', '', '', '', '', '', '', '2019-02-04 17:40:47', '2019-02-04 17:40:47'),
(187, 'JOSE ANTONIO MORENO', '0163', '', 'AEROPUERTO', 'CHAÑARAL', 'CHAÑARAL', '931224795', '', '2019-02-04 18:59:05', '2019-02-04 18:59:05'),
(188, '', '', '', '', '', '', '', '', '2019-02-04 18:59:05', '2019-02-04 18:59:05'),
(189, 'MANUEL CORTAZAR', '4591', 'DEPARTAMENTO M-22', '', 'COPIAPO', 'COPIAPO', '954355341/977339075', 'MELIZA.PERALTA@GMAIL.COM', '2019-02-05 16:02:17', '2019-02-05 16:02:17'),
(190, '', '', '', '', '', '', '', '', '2019-02-05 16:02:17', '2019-02-05 16:02:17'),
(191, 'JOSE ANTONIO MORENO', '0113', '', 'AEROPUERTO', 'CHAÑARAL', 'CHAÑARAL', '950213130/976178924', 'AMNELIA.CARDENAS123@GMAIL.COM', '2019-02-05 17:54:09', '2019-02-05 17:54:09'),
(192, '', '', '', '', '', '', '', '', '2019-02-05 17:54:09', '2019-02-05 17:54:09'),
(193, 'VICENTE SAPIAÍN', '661', '', 'RINCONADA DE SAN FERNANDO', 'COPIAPÓ', 'COPIAPÓ', '961425150', '', '2019-02-05 23:03:37', '2019-02-05 23:03:37'),
(194, '', '', '', '', '', '', '', '', '2019-02-05 23:03:38', '2019-02-05 23:03:38');

-- --------------------------------------------------------

--
-- Estructura de tabla para la tabla `estados`
--

CREATE TABLE `estados` (
  `id` int(10) UNSIGNED NOT NULL,
  `tipo` varchar(191) COLLATE utf8mb4_unicode_ci NOT NULL,
  `created_at` timestamp NULL DEFAULT NULL,
  `updated_at` timestamp NULL DEFAULT NULL
) ENGINE=InnoDB DEFAULT CHARSET=utf8mb4 COLLATE=utf8mb4_unicode_ci;

--
-- Volcado de datos para la tabla `estados`
--

INSERT INTO `estados` (`id`, `tipo`, `created_at`, `updated_at`) VALUES
(1, 'Abierto', '2018-10-02 19:32:32', '2018-10-02 19:32:32'),
(2, 'Cerrado', '2018-10-02 19:32:32', '2018-10-02 19:32:32'),
(3, 'Anulado', '2018-10-02 19:32:32', '2018-10-02 19:32:32');

-- --------------------------------------------------------

--
-- Estructura de tabla para la tabla `logs`
--

CREATE TABLE `logs` (
  `id` int(10) UNSIGNED NOT NULL,
  `rut` varchar(191) COLLATE utf8mb4_unicode_ci NOT NULL,
  `usuario` varchar(191) COLLATE utf8mb4_unicode_ci NOT NULL,
  `pagare` varchar(191) COLLATE utf8mb4_unicode_ci NOT NULL,
  `accion` varchar(191) COLLATE utf8mb4_unicode_ci NOT NULL,
  `created_at` timestamp NULL DEFAULT NULL,
  `updated_at` timestamp NULL DEFAULT NULL
) ENGINE=InnoDB DEFAULT CHARSET=utf8mb4 COLLATE=utf8mb4_unicode_ci;

--
-- Volcado de datos para la tabla `logs`
--

INSERT INTO `logs` (`id`, `rut`, `usuario`, `pagare`, `accion`, `created_at`, `updated_at`) VALUES
(1, '12171772', '121717727', '1812001', 'NUEVO PAGARE', '2018-12-31 12:01:53', '2018-12-31 12:01:53'),
(2, '12171772', '121717727', '1812002', 'NUEVO PAGARE', '2018-12-31 12:03:46', '2018-12-31 12:03:46'),
(3, '12171772', '121717727', '1812002', 'MODIFICACION PACIENTE', '2018-12-31 12:06:44', '2018-12-31 12:06:44'),
(4, '12171772', '121717727', '1812002', 'NUEVO MANDATO', '2018-12-31 12:11:10', '2018-12-31 12:11:10'),
(5, '12171772', '121717727', '1812002', 'MODIFICACION DEUDOR', '2018-12-31 12:19:03', '2018-12-31 12:19:03'),
(6, '12171772', '121717727', '1812002', 'MODIFICACION PACIENTE', '2018-12-31 12:19:26', '2018-12-31 12:19:26'),
(7, '12171772', '121717727', '1812002', 'MODIFICACION MANDATO', '2018-12-31 12:19:34', '2018-12-31 12:19:34'),
(8, '12171772', '121717727', '1812002', 'MODIFICACION DEUDOR', '2018-12-31 12:20:35', '2018-12-31 12:20:35'),
(9, '12171772', '121717727', '1812002', 'MODIFICACION PACIENTE', '2018-12-31 12:21:02', '2018-12-31 12:21:02'),
(10, '12171772', '121717727', '1812003', 'NUEVO PAGARE', '2018-12-31 13:14:05', '2018-12-31 13:14:05'),
(11, '12171772', '121717727', '1812003', 'MODIFICACION PACIENTE', '2018-12-31 13:18:44', '2018-12-31 13:18:44'),
(12, '12171772', '121717727', '1812003', 'NUEVO MANDATO', '2018-12-31 13:19:28', '2018-12-31 13:19:28'),
(13, '12171772', '121717727', '1812003', 'MODIFICACION PACIENTE', '2018-12-31 13:32:41', '2018-12-31 13:32:41'),
(14, '9083321', '90833219', '1901001', 'NUEVO PAGARE', '2019-01-01 18:26:12', '2019-01-01 18:26:12'),
(15, '9083321', '90833219', '1901001', 'MODIFICACION PACIENTE', '2019-01-01 18:33:30', '2019-01-01 18:33:30'),
(16, '9083321', '90833219', '1901001', 'MODIFICACION PACIENTE', '2019-01-01 18:36:22', '2019-01-01 18:36:22'),
(17, '9083321', '90833219', '1901001', 'VALIDACION PAGARE', '2019-01-01 18:37:02', '2019-01-01 18:37:02'),
(18, '9083321', '90833219', '1901002', 'NUEVO PAGARE', '2019-01-01 19:01:01', '2019-01-01 19:01:01'),
(19, '9083321', '90833219', '1901002', 'MODIFICACION PACIENTE', '2019-01-01 19:02:21', '2019-01-01 19:02:21'),
(20, '9083321', '90833219', '1901002', 'VALIDACION PAGARE', '2019-01-01 19:04:10', '2019-01-01 19:04:10'),
(21, '9083321', '90833219', '1901003', 'NUEVO PAGARE', '2019-01-01 21:11:08', '2019-01-01 21:11:08'),
(22, '9083321', '90833219', '1901003', 'MODIFICACION PACIENTE', '2019-01-01 21:12:39', '2019-01-01 21:12:39'),
(23, '9083321', '90833219', '1901003', 'VALIDACION PAGARE', '2019-01-01 21:14:27', '2019-01-01 21:14:27'),
(24, '9083321', '90833219', '1901004', 'NUEVO PAGARE', '2019-01-01 22:28:14', '2019-01-01 22:28:14'),
(25, '9083321', '90833219', '1901004', 'MODIFICACION PACIENTE', '2019-01-01 22:31:54', '2019-01-01 22:31:54'),
(26, '9083321', '90833219', '1901004', 'NUEVO MANDATO', '2019-01-01 22:32:56', '2019-01-01 22:32:56'),
(27, '9083321', '90833219', '1901004', 'VALIDACION PAGARE', '2019-01-01 22:34:11', '2019-01-01 22:34:11'),
(28, '13422362', '134223626', '1901005', 'NUEVO PAGARE', '2019-01-02 13:53:45', '2019-01-02 13:53:45'),
(29, '13422362', '134223626', '1901005', 'MODIFICACION PACIENTE', '2019-01-02 13:54:36', '2019-01-02 13:54:36'),
(30, '13422362', '134223626', '1901005', 'MODIFICACION DEUDA', '2019-01-02 13:55:28', '2019-01-02 13:55:28'),
(31, '13422362', '134223626', '1901005', 'NUEVO MANDATO', '2019-01-02 13:55:53', '2019-01-02 13:55:53'),
(32, '13422362', '134223626', '1901005', 'VALIDACION PAGARE', '2019-01-02 13:58:16', '2019-01-02 13:58:16'),
(33, '13422362', '134223626', '1901006', 'NUEVO PAGARE', '2019-01-02 18:03:34', '2019-01-02 18:03:34'),
(34, '13422362', '134223626', '1901006', 'MODIFICACION PACIENTE', '2019-01-02 18:04:50', '2019-01-02 18:04:50'),
(35, '13422362', '134223626', '1901006', 'MODIFICACION PACIENTE', '2019-01-02 18:05:47', '2019-01-02 18:05:47'),
(36, '13422362', '134223626', '1901006', 'VALIDACION PAGARE', '2019-01-02 18:06:57', '2019-01-02 18:06:57'),
(37, '10223922', '102239229', '1901007', 'NUEVO PAGARE', '2019-01-03 15:49:39', '2019-01-03 15:49:39'),
(38, '10223922', '102239229', '1901007', 'MODIFICACION DEUDA', '2019-01-03 15:51:50', '2019-01-03 15:51:50'),
(39, '10223922', '102239229', '1901007', 'VALIDACION PAGARE', '2019-01-03 15:52:08', '2019-01-03 15:52:08'),
(40, '13422362', '134223626', '1901008', 'NUEVO PAGARE', '2019-01-03 19:04:38', '2019-01-03 19:04:38'),
(41, '13422362', '134223626', '1901008', 'MODIFICACION PACIENTE', '2019-01-03 19:06:23', '2019-01-03 19:06:23'),
(42, '13422362', '134223626', '1901008', 'MODIFICACION DEUDA', '2019-01-03 19:07:39', '2019-01-03 19:07:39'),
(43, '13422362', '134223626', '1901008', 'NUEVO MANDATO', '2019-01-03 19:08:16', '2019-01-03 19:08:16'),
(44, '13422362', '134223626', '1901008', 'VALIDACION PAGARE', '2019-01-03 19:09:15', '2019-01-03 19:09:15'),
(45, '13222839', '132228396', '1901009', 'NUEVO PAGARE', '2019-01-03 19:28:44', '2019-01-03 19:28:44'),
(46, '13222839', '132228396', '1901009', 'MODIFICACION PACIENTE', '2019-01-03 19:29:33', '2019-01-03 19:29:33'),
(47, '13222839', '132228396', '1901010', 'NUEVO PAGARE', '2019-01-04 13:47:44', '2019-01-04 13:47:44'),
(48, '13222839', '132228396', '1901010', 'MODIFICACION DEUDOR', '2019-01-04 13:47:58', '2019-01-04 13:47:58'),
(49, '13222839', '132228396', '1901010', 'MODIFICACION PACIENTE', '2019-01-04 13:49:13', '2019-01-04 13:49:13'),
(50, '13222839', '132228396', '1901010', 'MODIFICACION DEUDA', '2019-01-04 13:50:57', '2019-01-04 13:50:57'),
(51, '13222839', '132228396', '1901010', 'VALIDACION PAGARE', '2019-01-04 13:52:47', '2019-01-04 13:52:47'),
(52, '13221517', '132215170', '1901011', 'NUEVO PAGARE', '2019-01-04 18:19:16', '2019-01-04 18:19:16'),
(53, '13221517', '132215170', '1901011', 'MODIFICACION PACIENTE', '2019-01-04 18:25:42', '2019-01-04 18:25:42'),
(54, '13221517', '132215170', '1901011', 'VALIDACION PAGARE', '2019-01-04 18:30:41', '2019-01-04 18:30:41'),
(55, '13222839', '132228396', '1901012', 'NUEVO PAGARE', '2019-01-04 18:45:18', '2019-01-04 18:45:18'),
(56, '13222839', '132228396', '1901012', 'MODIFICACION DEUDOR', '2019-01-04 18:45:31', '2019-01-04 18:45:31'),
(57, '13222839', '132228396', '1901012', 'MODIFICACION PACIENTE', '2019-01-04 18:46:44', '2019-01-04 18:46:44'),
(58, '13222839', '132228396', '1901012', 'NUEVO MANDATO', '2019-01-04 18:49:30', '2019-01-04 18:49:30'),
(59, '13222839', '132228396', '1901012', 'VALIDACION PAGARE', '2019-01-04 18:51:04', '2019-01-04 18:51:04'),
(60, '9083321', '90833219', '1901013', 'NUEVO PAGARE', '2019-01-05 14:29:12', '2019-01-05 14:29:12'),
(61, '9083321', '90833219', '1901013', 'MODIFICACION PACIENTE', '2019-01-05 14:30:25', '2019-01-05 14:30:25'),
(62, '9083321', '90833219', '1901013', 'VALIDACION PAGARE', '2019-01-05 14:31:47', '2019-01-05 14:31:47'),
(63, '9083321', '90833219', '1901014', 'NUEVO PAGARE', '2019-01-05 21:28:28', '2019-01-05 21:28:28'),
(64, '9083321', '90833219', '1901014', 'MODIFICACION PACIENTE', '2019-01-05 21:29:40', '2019-01-05 21:29:40'),
(65, '9083321', '90833219', '1901014', 'VALIDACION PAGARE', '2019-01-05 21:30:20', '2019-01-05 21:30:20'),
(66, '10481473', '104814735', '1901015', 'NUEVO PAGARE', '2019-01-06 16:42:05', '2019-01-06 16:42:05'),
(67, '10481473', '104814735', '1901015', 'MODIFICACION PACIENTE', '2019-01-06 16:43:16', '2019-01-06 16:43:16'),
(68, '10481473', '104814735', '1901015', 'VALIDACION PAGARE', '2019-01-06 16:44:19', '2019-01-06 16:44:19'),
(69, '10481473', '104814735', '1901016', 'NUEVO PAGARE', '2019-01-06 18:25:52', '2019-01-06 18:25:52'),
(70, '10481473', '104814735', '1901016', 'MODIFICACION PACIENTE', '2019-01-06 18:27:01', '2019-01-06 18:27:01'),
(71, '10481473', '104814735', '1901016', 'VALIDACION PAGARE', '2019-01-06 18:27:43', '2019-01-06 18:27:43'),
(72, '10481473', '104814735', '1901017', 'NUEVO PAGARE', '2019-01-06 19:27:13', '2019-01-06 19:27:13'),
(73, '10481473', '104814735', '1901017', 'MODIFICACION PACIENTE', '2019-01-06 19:28:18', '2019-01-06 19:28:18'),
(74, '10481473', '104814735', '1901017', 'VALIDACION PAGARE', '2019-01-06 19:28:39', '2019-01-06 19:28:39'),
(75, '13422362', '134223626', '1901001', 'ANULAR PAGARE', '2019-01-07 14:14:03', '2019-01-07 14:14:03'),
(76, '13422362', '134223626', '1901003', 'ANULAR PAGARE', '2019-01-07 14:22:03', '2019-01-07 14:22:03'),
(77, '13222839', '132228396', '1901018', 'NUEVO PAGARE', '2019-01-08 18:01:12', '2019-01-08 18:01:12'),
(78, '13222839', '132228396', '1901018', 'MODIFICACION DEUDOR', '2019-01-08 18:01:20', '2019-01-08 18:01:20'),
(79, '13222839', '132228396', '1901018', 'MODIFICACION PACIENTE', '2019-01-08 18:02:17', '2019-01-08 18:02:17'),
(80, '13222839', '132228396', '1901018', 'NUEVO MANDATO', '2019-01-08 18:03:42', '2019-01-08 18:03:42'),
(81, '13222839', '132228396', '1901018', 'VALIDACION PAGARE', '2019-01-08 18:05:49', '2019-01-08 18:05:49'),
(82, '13422362', '134223626', '1901013', 'MODIFICACION DEUDA', '2019-01-08 20:10:22', '2019-01-08 20:10:22'),
(83, '13422362', '134223626', '1901013', 'MODIFICACION DEUDA', '2019-01-08 20:10:35', '2019-01-08 20:10:35'),
(84, '13422362', '134223626', '1901013', 'INGRESO PAGO', '2019-01-08 20:11:10', '2019-01-08 20:11:10'),
(85, '14115686', '141156861', '1901019', 'NUEVO PAGARE', '2019-01-08 22:31:21', '2019-01-08 22:31:21'),
(86, '14115686', '141156861', '1901019', 'MODIFICACION PACIENTE', '2019-01-08 22:34:04', '2019-01-08 22:34:04'),
(87, '14115686', '141156861', '1901019', 'NUEVO MANDATO', '2019-01-08 22:34:51', '2019-01-08 22:34:51'),
(88, '14115686', '141156861', '1901019', 'VALIDACION PAGARE', '2019-01-08 22:37:10', '2019-01-08 22:37:10'),
(89, '9083321', '90833219', '1901020', 'NUEVO PAGARE', '2019-01-09 03:49:47', '2019-01-09 03:49:47'),
(90, '9083321', '90833219', '1901020', 'MODIFICACION PACIENTE', '2019-01-09 03:52:05', '2019-01-09 03:52:05'),
(91, '9083321', '90833219', '1901020', 'VALIDACION PAGARE', '2019-01-09 03:52:37', '2019-01-09 03:52:37'),
(92, '10223922', '102239229', '1901021', 'NUEVO PAGARE', '2019-01-09 14:51:58', '2019-01-09 14:51:58'),
(93, '10223922', '102239229', '1901021', 'MODIFICACION PACIENTE', '2019-01-09 14:53:12', '2019-01-09 14:53:12'),
(94, '10223922', '102239229', '1901021', 'NUEVO MANDATO', '2019-01-09 14:53:38', '2019-01-09 14:53:38'),
(95, '10223922', '102239229', '1901021', 'VALIDACION PAGARE', '2019-01-09 14:54:23', '2019-01-09 14:54:23'),
(96, '10223922', '102239229', '1901022', 'NUEVO PAGARE', '2019-01-10 13:46:10', '2019-01-10 13:46:10'),
(97, '10223922', '102239229', '1901022', 'MODIFICACION PACIENTE', '2019-01-10 13:47:44', '2019-01-10 13:47:44'),
(98, '10223922', '102239229', '1901022', 'NUEVO MANDATO', '2019-01-10 13:48:47', '2019-01-10 13:48:47'),
(99, '10223922', '102239229', '1901022', 'VALIDACION PAGARE', '2019-01-10 13:49:50', '2019-01-10 13:49:50'),
(100, '13422362', '134223626', '1901011', 'INGRESO PAGO', '2019-01-11 16:08:05', '2019-01-11 16:08:05'),
(101, '9083321', '90833219', '1901023', 'NUEVO PAGARE', '2019-01-11 17:56:09', '2019-01-11 17:56:09'),
(102, '9083321', '90833219', '1901023', 'MODIFICACION PACIENTE', '2019-01-11 17:57:17', '2019-01-11 17:57:17'),
(103, '9083321', '90833219', '1901023', 'VALIDACION PAGARE', '2019-01-11 17:58:03', '2019-01-11 17:58:03'),
(104, '9083321', '90833219', '1901024', 'NUEVO PAGARE', '2019-01-11 18:11:17', '2019-01-11 18:11:17'),
(105, '9083321', '90833219', '1901024', 'MODIFICACION PACIENTE', '2019-01-11 18:13:05', '2019-01-11 18:13:05'),
(106, '9083321', '90833219', '1901024', 'VALIDACION PAGARE', '2019-01-11 18:13:26', '2019-01-11 18:13:26'),
(107, '9083321', '90833219', '1901025', 'NUEVO PAGARE', '2019-01-12 17:00:56', '2019-01-12 17:00:56'),
(108, '9083321', '90833219', '1901025', 'MODIFICACION PACIENTE', '2019-01-12 17:02:14', '2019-01-12 17:02:14'),
(109, '9083321', '90833219', '1901025', 'VALIDACION PAGARE', '2019-01-12 17:03:38', '2019-01-12 17:03:38'),
(110, '9083321', '90833219', '1901026', 'NUEVO PAGARE', '2019-01-12 17:25:15', '2019-01-12 17:25:15'),
(111, '9083321', '90833219', '1901026', 'MODIFICACION PACIENTE', '2019-01-12 17:26:34', '2019-01-12 17:26:34'),
(112, '9083321', '90833219', '1901026', 'VALIDACION PAGARE', '2019-01-12 17:26:40', '2019-01-12 17:26:40'),
(113, '9083321', '90833219', '1901027', 'NUEVO PAGARE', '2019-01-12 21:40:03', '2019-01-12 21:40:03'),
(114, '9083321', '90833219', '1901027', 'MODIFICACION PACIENTE', '2019-01-12 21:40:47', '2019-01-12 21:40:47'),
(115, '9083321', '90833219', '1901027', 'VALIDACION PAGARE', '2019-01-12 21:41:56', '2019-01-12 21:41:56'),
(116, '8057374', '8057374k', '1901028', 'NUEVO PAGARE', '2019-01-13 14:49:27', '2019-01-13 14:49:27'),
(117, '8057374', '8057374k', '1901028', 'MODIFICACION PACIENTE', '2019-01-13 14:53:17', '2019-01-13 14:53:17'),
(118, '8057374', '8057374k', '1901028', 'VALIDACION PAGARE', '2019-01-13 14:54:20', '2019-01-13 14:54:20'),
(119, '14115686', '141156861', '1901029', 'NUEVO PAGARE', '2019-01-13 16:52:06', '2019-01-13 16:52:06'),
(120, '14115686', '141156861', '1901029', 'MODIFICACION PACIENTE', '2019-01-13 16:53:20', '2019-01-13 16:53:20'),
(121, '14115686', '141156861', '1901029', 'VALIDACION PAGARE', '2019-01-13 16:55:09', '2019-01-13 16:55:09'),
(122, '14115686', '141156861', '1901030', 'NUEVO PAGARE', '2019-01-13 17:12:20', '2019-01-13 17:12:20'),
(123, '14115686', '141156861', '1901030', 'MODIFICACION PACIENTE', '2019-01-13 17:27:09', '2019-01-13 17:27:09'),
(124, '14115686', '141156861', '1901030', 'VALIDACION PAGARE', '2019-01-13 17:29:26', '2019-01-13 17:29:26'),
(125, '14115686', '141156861', '1901031', 'NUEVO PAGARE', '2019-01-13 17:58:09', '2019-01-13 17:58:09'),
(126, '14115686', '141156861', '1901031', 'MODIFICACION PACIENTE', '2019-01-13 18:00:46', '2019-01-13 18:00:46'),
(127, '14115686', '141156861', '1901031', 'VALIDACION PAGARE', '2019-01-13 18:02:07', '2019-01-13 18:02:07'),
(128, '14115686', '141156861', '1901032', 'NUEVO PAGARE', '2019-01-13 18:38:45', '2019-01-13 18:38:45'),
(129, '14115686', '141156861', '1901032', 'MODIFICACION PACIENTE', '2019-01-13 18:40:16', '2019-01-13 18:40:16'),
(130, '14115686', '141156861', '1901032', 'NUEVO MANDATO', '2019-01-13 18:40:49', '2019-01-13 18:40:49'),
(131, '14115686', '141156861', '1901032', 'VALIDACION PAGARE', '2019-01-13 18:42:15', '2019-01-13 18:42:15'),
(132, '13422362', '134223626', '1901033', 'NUEVO PAGARE', '2019-01-14 16:52:24', '2019-01-14 16:52:24'),
(133, '13422362', '134223626', '1901033', 'MODIFICACION DEUDOR', '2019-01-14 16:53:52', '2019-01-14 16:53:52'),
(134, '13422362', '134223626', '1901033', 'MODIFICACION PACIENTE', '2019-01-14 16:54:31', '2019-01-14 16:54:31'),
(135, '13422362', '134223626', '1901033', 'NUEVO MANDATO', '2019-01-14 16:55:01', '2019-01-14 16:55:01'),
(136, '13422362', '134223626', '1901033', 'VALIDACION PAGARE', '2019-01-14 16:55:49', '2019-01-14 16:55:49'),
(137, '9083321', '90833219', '1901034', 'NUEVO PAGARE', '2019-01-15 03:39:48', '2019-01-15 03:39:48'),
(138, '9083321', '90833219', '1901034', 'MODIFICACION PACIENTE', '2019-01-15 03:42:13', '2019-01-15 03:42:13'),
(139, '9083321', '90833219', '1901034', 'NUEVO MANDATO', '2019-01-15 03:43:19', '2019-01-15 03:43:19'),
(140, '9083321', '90833219', '1901034', 'VALIDACION PAGARE', '2019-01-15 03:46:24', '2019-01-15 03:46:24'),
(141, '18940785', '189407858', '1901035', 'NUEVO PAGARE', '2019-01-16 16:34:00', '2019-01-16 16:34:00'),
(142, '18940785', '189407858', '1901035', 'MODIFICACION DEUDA', '2019-01-16 16:36:10', '2019-01-16 16:36:10'),
(143, '18940785', '189407858', '1901035', 'MODIFICACION DEUDOR', '2019-01-16 16:48:52', '2019-01-16 16:48:52'),
(144, '18940785', '189407858', '1901035', 'MODIFICACION PACIENTE', '2019-01-16 16:49:36', '2019-01-16 16:49:36'),
(145, '18940785', '189407858', '1901035', 'NUEVO MANDATO', '2019-01-16 16:50:02', '2019-01-16 16:50:02'),
(146, '18940785', '189407858', '1901035', 'VALIDACION PAGARE', '2019-01-16 16:50:50', '2019-01-16 16:50:50'),
(147, '13422362', '134223626', '1901026', 'INGRESO PAGO', '2019-01-16 17:55:17', '2019-01-16 17:55:17'),
(148, '13422362', '134223626', '1901028', 'ANULAR PAGARE', '2019-01-16 17:56:24', '2019-01-16 17:56:24'),
(149, '13422362', '134223626', '1901029', 'INGRESO PAGO', '2019-01-16 17:57:18', '2019-01-16 17:57:18'),
(150, '13422362', '134223626', '1901030', 'INGRESO PAGO', '2019-01-16 17:58:10', '2019-01-16 17:58:10'),
(151, '13422362', '134223626', '1901031', 'INGRESO PAGO', '2019-01-16 17:59:18', '2019-01-16 17:59:18'),
(152, '10223922', '102239229', '1901036', 'NUEVO PAGARE', '2019-01-16 18:03:20', '2019-01-16 18:03:20'),
(153, '10223922', '102239229', '1901036', 'MODIFICACION PACIENTE', '2019-01-16 18:05:11', '2019-01-16 18:05:11'),
(154, '10223922', '102239229', '1901036', 'NUEVO MANDATO', '2019-01-16 18:06:13', '2019-01-16 18:06:13'),
(155, '10223922', '102239229', '1901036', 'VALIDACION PAGARE', '2019-01-16 18:06:25', '2019-01-16 18:06:25'),
(156, '10223922', '102239229', '1901037', 'NUEVO PAGARE', '2019-01-16 18:24:35', '2019-01-16 18:24:35'),
(157, '10223922', '102239229', '1901037', 'MODIFICACION PACIENTE', '2019-01-16 18:25:39', '2019-01-16 18:25:39'),
(158, '10223922', '102239229', '1901037', 'MODIFICACION DEUDA', '2019-01-16 18:27:26', '2019-01-16 18:27:26'),
(159, '10223922', '102239229', '1901037', 'NUEVO MANDATO', '2019-01-16 18:27:55', '2019-01-16 18:27:55'),
(160, '10223922', '102239229', '1901037', 'VALIDACION PAGARE', '2019-01-16 18:28:49', '2019-01-16 18:28:49'),
(161, '13422362', '134223626', '1901012', 'INGRESO PAGO', '2019-01-16 19:39:07', '2019-01-16 19:39:07'),
(162, '13222839', '132228396', '1901038', 'NUEVO PAGARE', '2019-01-16 19:41:03', '2019-01-16 19:41:03'),
(163, '13222839', '132228396', '1901038', 'MODIFICACION PACIENTE', '2019-01-16 19:41:47', '2019-01-16 19:41:47'),
(164, '13222839', '132228396', '1901038', 'NUEVO MANDATO', '2019-01-16 19:42:37', '2019-01-16 19:42:37'),
(165, '13222839', '132228396', '1901038', 'MODIFICACION DEUDOR', '2019-01-16 19:42:51', '2019-01-16 19:42:51'),
(166, '13222839', '132228396', '1901038', 'VALIDACION PAGARE', '2019-01-16 19:43:13', '2019-01-16 19:43:13'),
(167, '13222839', '132228396', '1901039', 'NUEVO PAGARE', '2019-01-16 20:37:42', '2019-01-16 20:37:42'),
(168, '13222839', '132228396', '1901039', 'MODIFICACION PACIENTE', '2019-01-16 20:38:18', '2019-01-16 20:38:18'),
(169, '13222839', '132228396', '1901039', 'NUEVO MANDATO', '2019-01-16 20:39:19', '2019-01-16 20:39:19'),
(170, '13222839', '132228396', '1901039', 'VALIDACION PAGARE', '2019-01-16 20:44:09', '2019-01-16 20:44:09'),
(171, '14115686', '141156861', '1901040', 'NUEVO PAGARE', '2019-01-17 02:39:05', '2019-01-17 02:39:05'),
(172, '14115686', '141156861', '1901040', 'MODIFICACION PACIENTE', '2019-01-17 02:40:35', '2019-01-17 02:40:35'),
(173, '14115686', '141156861', '1901040', 'VALIDACION PAGARE', '2019-01-17 02:43:07', '2019-01-17 02:43:07'),
(174, '14115686', '141156861', '1901041', 'NUEVO PAGARE', '2019-01-17 02:56:02', '2019-01-17 02:56:02'),
(175, '14115686', '141156861', '1901041', 'MODIFICACION PACIENTE', '2019-01-17 02:57:18', '2019-01-17 02:57:18'),
(176, '14115686', '141156861', '1901041', 'NUEVO MANDATO', '2019-01-17 02:57:49', '2019-01-17 02:57:49'),
(177, '14115686', '141156861', '1901041', 'VALIDACION PAGARE', '2019-01-17 02:58:44', '2019-01-17 02:58:44'),
(178, '13221517', '132215170', '1901042', 'NUEVO PAGARE', '2019-01-18 00:35:46', '2019-01-18 00:35:46'),
(179, '13221517', '132215170', '1901042', 'MODIFICACION PACIENTE', '2019-01-18 00:38:12', '2019-01-18 00:38:12'),
(180, '13221517', '132215170', '1901042', 'MODIFICACION PACIENTE', '2019-01-18 04:05:24', '2019-01-18 04:05:24'),
(181, '13221517', '132215170', '1901042', 'MODIFICACION DEUDA', '2019-01-18 04:06:53', '2019-01-18 04:06:53'),
(182, '13221517', '132215170', '1901042', 'MODIFICACION DEUDOR', '2019-01-18 04:08:38', '2019-01-18 04:08:38'),
(183, '13221517', '132215170', '1901042', 'MODIFICACION PACIENTE', '2019-01-18 04:08:46', '2019-01-18 04:08:46'),
(184, '13221517', '132215170', '1901042', 'VALIDACION PAGARE', '2019-01-18 04:10:35', '2019-01-18 04:10:35'),
(185, '10223922', '102239229', '1901043', 'NUEVO PAGARE', '2019-01-18 14:46:52', '2019-01-18 14:46:52'),
(186, '10223922', '102239229', '1901043', 'MODIFICACION PACIENTE', '2019-01-18 14:49:00', '2019-01-18 14:49:00'),
(187, '10223922', '102239229', '1901043', 'NUEVO MANDATO', '2019-01-18 14:49:46', '2019-01-18 14:49:46'),
(188, '10223922', '102239229', '1901043', 'VALIDACION PAGARE', '2019-01-18 14:50:14', '2019-01-18 14:50:14'),
(189, '9083321', '90833219', '1901044', 'NUEVO PAGARE', '2019-01-18 17:29:01', '2019-01-18 17:29:01'),
(190, '9083321', '90833219', '1901044', 'MODIFICACION PACIENTE', '2019-01-18 17:30:53', '2019-01-18 17:30:53'),
(191, '9083321', '90833219', '1901044', 'NUEVO MANDATO', '2019-01-18 17:31:44', '2019-01-18 17:31:44'),
(192, '9083321', '90833219', '1901044', 'VALIDACION PAGARE', '2019-01-18 17:33:26', '2019-01-18 17:33:26'),
(193, '9083321', '90833219', '1901045', 'NUEVO PAGARE', '2019-01-18 18:23:04', '2019-01-18 18:23:04'),
(194, '9083321', '90833219', '1901045', 'MODIFICACION PACIENTE', '2019-01-18 18:24:26', '2019-01-18 18:24:26'),
(195, '9083321', '90833219', '1901045', 'VALIDACION PAGARE', '2019-01-18 18:25:06', '2019-01-18 18:25:06'),
(196, '13422362', '134223626', '1901025', 'INGRESO PAGO', '2019-01-18 20:34:02', '2019-01-18 20:34:02'),
(197, '13422362', '134223626', '1901040', 'ANULAR PAGARE', '2019-01-18 20:35:06', '2019-01-18 20:35:06'),
(198, '13422362', '134223626', '1901024', 'INGRESO PAGO', '2019-01-18 20:41:32', '2019-01-18 20:41:32'),
(199, '14115686', '141156861', '1901046', 'NUEVO PAGARE', '2019-01-19 17:23:40', '2019-01-19 17:23:40'),
(200, '14115686', '141156861', '1901046', 'MODIFICACION PACIENTE', '2019-01-19 17:24:37', '2019-01-19 17:24:37'),
(201, '14115686', '141156861', '1901046', 'VALIDACION PAGARE', '2019-01-19 17:25:23', '2019-01-19 17:25:23'),
(202, '14115686', '141156861', '1901047', 'NUEVO PAGARE', '2019-01-20 17:48:50', '2019-01-20 17:48:50'),
(203, '14115686', '141156861', '1901047', 'MODIFICACION PACIENTE', '2019-01-20 17:49:53', '2019-01-20 17:49:53'),
(204, '14115686', '141156861', '1901047', 'VALIDACION PAGARE', '2019-01-20 17:50:55', '2019-01-20 17:50:55'),
(205, '9083321', '90833219', '1901048', 'NUEVO PAGARE', '2019-01-21 03:20:04', '2019-01-21 03:20:04'),
(206, '9083321', '90833219', '1901048', 'MODIFICACION PACIENTE', '2019-01-21 03:22:06', '2019-01-21 03:22:06'),
(207, '9083321', '90833219', '1901048', 'NUEVO MANDATO', '2019-01-21 03:23:08', '2019-01-21 03:23:08'),
(208, '9083321', '90833219', '1901048', 'VALIDACION PAGARE', '2019-01-21 03:23:51', '2019-01-21 03:23:51'),
(209, '10223922', '102239229', '1901049', 'NUEVO PAGARE', '2019-01-21 16:32:10', '2019-01-21 16:32:10'),
(210, '10223922', '102239229', '1901049', 'MODIFICACION PACIENTE', '2019-01-21 16:34:14', '2019-01-21 16:34:14'),
(211, '10223922', '102239229', '1901049', 'MODIFICACION DEUDA', '2019-01-21 16:35:10', '2019-01-21 16:35:10'),
(212, '10223922', '102239229', '1901049', 'VALIDACION PAGARE', '2019-01-21 16:35:16', '2019-01-21 16:35:16'),
(213, '10223922', '102239229', '1901050', 'NUEVO PAGARE', '2019-01-21 19:11:06', '2019-01-21 19:11:06'),
(214, '10223922', '102239229', '1901050', 'MODIFICACION PACIENTE', '2019-01-21 19:16:20', '2019-01-21 19:16:20'),
(215, '10223922', '102239229', '1901050', 'NUEVO MANDATO', '2019-01-21 19:17:00', '2019-01-21 19:17:00'),
(216, '10223922', '102239229', '1901050', 'VALIDACION PAGARE', '2019-01-21 19:17:05', '2019-01-21 19:17:05'),
(217, '13744947', '137449471', '1901045', 'ANULAR PAGARE', '2019-01-22 14:38:22', '2019-01-22 14:38:22'),
(218, '13744947', '137449471', '1901048', 'ANULAR PAGARE', '2019-01-22 15:08:08', '2019-01-22 15:08:08'),
(219, '13744947', '137449471', '1901050', 'ANULAR PAGARE', '2019-01-22 16:07:12', '2019-01-22 16:07:12'),
(220, '13222839', '132228396', '1901051', 'NUEVO PAGARE', '2019-01-22 16:32:06', '2019-01-22 16:32:06'),
(221, '13222839', '132228396', '1901051', 'MODIFICACION PACIENTE', '2019-01-22 16:32:50', '2019-01-22 16:32:50'),
(222, '13222839', '132228396', '1901051', 'NUEVO MANDATO', '2019-01-22 16:33:19', '2019-01-22 16:33:19'),
(223, '18940785', '189407858', '1901052', 'NUEVO PAGARE', '2019-01-22 16:37:40', '2019-01-22 16:37:40'),
(224, '18940785', '189407858', '1901052', 'MODIFICACION PACIENTE', '2019-01-22 16:38:13', '2019-01-22 16:38:13'),
(225, '13222839', '132228396', '1901051', 'VALIDACION PAGARE', '2019-01-22 16:41:13', '2019-01-22 16:41:13'),
(226, '18940785', '189407858', '1901052', 'MODIFICACION DEUDA', '2019-01-22 16:43:00', '2019-01-22 16:43:00'),
(227, '18940785', '189407858', '1901052', 'NUEVO MANDATO', '2019-01-22 16:46:28', '2019-01-22 16:46:28'),
(228, '18940785', '189407858', '1901052', 'VALIDACION PAGARE', '2019-01-22 16:46:44', '2019-01-22 16:46:44'),
(229, '13744947', '137449471', '1901053', 'NUEVO PAGARE', '2019-01-22 17:36:08', '2019-01-22 17:36:08'),
(230, '13744947', '137449471', '1901053', 'MODIFICACION CODEUDOR', '2019-01-22 17:37:01', '2019-01-22 17:37:01'),
(231, '13744947', '137449471', '1901053', 'MODIFICACION PACIENTE', '2019-01-22 17:37:56', '2019-01-22 17:37:56'),
(232, '13744947', '137449471', '1901053', 'MODIFICACION DEUDA', '2019-01-22 17:38:19', '2019-01-22 17:38:19'),
(233, '13744947', '137449471', '1901053', 'NUEVO MANDATO', '2019-01-22 17:38:53', '2019-01-22 17:38:53'),
(234, '13744947', '137449471', '1901053', 'MODIFICACION CODEUDOR', '2019-01-22 17:39:07', '2019-01-22 17:39:07'),
(235, '13744947', '137449471', '1901053', 'VALIDACION PAGARE', '2019-01-22 17:39:18', '2019-01-22 17:39:18'),
(236, '14115686', '141156861', '1901054', 'NUEVO PAGARE', '2019-01-23 03:07:30', '2019-01-23 03:07:30'),
(237, '14115686', '141156861', '1901054', 'MODIFICACION PACIENTE', '2019-01-23 03:08:29', '2019-01-23 03:08:29'),
(238, '14115686', '141156861', '1901054', 'NUEVO MANDATO', '2019-01-23 03:08:56', '2019-01-23 03:08:56'),
(239, '14115686', '141156861', '1901054', 'VALIDACION PAGARE', '2019-01-23 03:10:09', '2019-01-23 03:10:09'),
(240, '13744947', '137449471', '1901046', 'MODIFICACION DEUDA', '2019-01-23 15:45:07', '2019-01-23 15:45:07'),
(241, '13744947', '137449471', '1901047', 'MODIFICACION DEUDA', '2019-01-23 15:47:21', '2019-01-23 15:47:21'),
(242, '13744947', '137449471', '1901047', 'INGRESO PAGO', '2019-01-23 15:47:44', '2019-01-23 15:47:44'),
(243, '13744947', '137449471', '1901049', 'INGRESO PAGO', '2019-01-23 15:53:52', '2019-01-23 15:53:52'),
(244, '13744947', '137449471', '1901054', 'MODIFICACION DEUDA', '2019-01-23 16:11:31', '2019-01-23 16:11:31'),
(245, '18940785', '189407858', '1901055', 'NUEVO PAGARE', '2019-01-23 18:32:40', '2019-01-23 18:32:40'),
(246, '18940785', '189407858', '1901055', 'MODIFICACION PACIENTE', '2019-01-23 18:33:19', '2019-01-23 18:33:19'),
(247, '18940785', '189407858', '1901055', 'MODIFICACION DEUDA', '2019-01-23 18:34:22', '2019-01-23 18:34:22'),
(248, '18940785', '189407858', '1901055', 'NUEVO MANDATO', '2019-01-23 18:34:51', '2019-01-23 18:34:51'),
(249, '18940785', '189407858', '1901055', 'VALIDACION PAGARE', '2019-01-23 18:36:25', '2019-01-23 18:36:25'),
(250, '14115686', '141156861', '1901056', 'NUEVO PAGARE', '2019-01-24 01:33:38', '2019-01-24 01:33:38'),
(251, '14115686', '141156861', '1901056', 'MODIFICACION DEUDOR', '2019-01-24 01:35:54', '2019-01-24 01:35:54'),
(252, '14115686', '141156861', '1901056', 'MODIFICACION PACIENTE', '2019-01-24 01:38:07', '2019-01-24 01:38:07'),
(253, '14115686', '141156861', '1901056', 'MODIFICACION DEUDOR', '2019-01-24 03:01:26', '2019-01-24 03:01:26'),
(254, '14115686', '141156861', '1901056', 'MODIFICACION PACIENTE', '2019-01-24 03:01:43', '2019-01-24 03:01:43'),
(255, '14115686', '141156861', '1901056', 'VALIDACION PAGARE', '2019-01-24 03:02:11', '2019-01-24 03:02:11'),
(256, '13744947', '137449471', '1901005', 'INGRESO PAGO', '2019-01-24 14:31:37', '2019-01-24 14:31:37'),
(257, '18940785', '189407858', '1901057', 'NUEVO PAGARE', '2019-01-24 18:38:57', '2019-01-24 18:38:57'),
(258, '18940785', '189407858', '1901057', 'MODIFICACION PACIENTE', '2019-01-24 18:39:15', '2019-01-24 18:39:15'),
(259, '18940785', '189407858', '1901057', 'MODIFICACION DEUDA', '2019-01-24 18:50:39', '2019-01-24 18:50:39'),
(260, '18940785', '189407858', '1901057', 'MODIFICACION DEUDA', '2019-01-24 18:51:31', '2019-01-24 18:51:31'),
(261, '18940785', '189407858', '1901057', 'NUEVO MANDATO', '2019-01-24 18:52:21', '2019-01-24 18:52:21'),
(262, '18940785', '189407858', '1901057', 'VALIDACION PAGARE', '2019-01-24 18:52:44', '2019-01-24 18:52:44'),
(263, '18940785', '189407858', '1901058', 'NUEVO PAGARE', '2019-01-24 19:55:09', '2019-01-24 19:55:09'),
(264, '18940785', '189407858', '1901058', 'MODIFICACION PACIENTE', '2019-01-24 19:56:08', '2019-01-24 19:56:08'),
(265, '18940785', '189407858', '1901058', 'NUEVO MANDATO', '2019-01-24 19:59:37', '2019-01-24 19:59:37'),
(266, '18940785', '189407858', '1901058', 'VALIDACION PAGARE', '2019-01-24 20:00:21', '2019-01-24 20:00:21'),
(267, '18940785', '189407858', '1901059', 'NUEVO PAGARE', '2019-01-24 20:05:26', '2019-01-24 20:05:26'),
(268, '18940785', '189407858', '1901059', 'MODIFICACION PACIENTE', '2019-01-24 20:06:25', '2019-01-24 20:06:25'),
(269, '18940785', '189407858', '1901059', 'NUEVO MANDATO', '2019-01-24 20:07:47', '2019-01-24 20:07:47'),
(270, '18940785', '189407858', '1901059', 'VALIDACION PAGARE', '2019-01-24 20:08:03', '2019-01-24 20:08:03'),
(271, '13744947', '137449471', '1901059', 'MODIFICACION DEUDOR', '2019-01-24 20:10:49', '2019-01-24 20:10:49'),
(272, '18940785', '189407858', '1901060', 'NUEVO PAGARE', '2019-01-25 11:55:32', '2019-01-25 11:55:32'),
(273, '18940785', '189407858', '1901060', 'MODIFICACION PACIENTE', '2019-01-25 11:56:21', '2019-01-25 11:56:21'),
(274, '18940785', '189407858', '1901060', 'NUEVO MANDATO', '2019-01-25 11:56:48', '2019-01-25 11:56:48'),
(275, '18940785', '189407858', '1901060', 'VALIDACION PAGARE', '2019-01-25 11:57:17', '2019-01-25 11:57:17'),
(276, '13222839', '132228396', '1901061', 'NUEVO PAGARE', '2019-01-25 15:37:38', '2019-01-25 15:37:38'),
(277, '13222839', '132228396', '1901061', 'MODIFICACION PACIENTE', '2019-01-25 15:40:41', '2019-01-25 15:40:41'),
(278, '13222839', '132228396', '1901061', 'NUEVO MANDATO', '2019-01-25 15:41:37', '2019-01-25 15:41:37'),
(279, '13222839', '132228396', '1901061', 'VALIDACION PAGARE', '2019-01-25 15:42:16', '2019-01-25 15:42:16'),
(280, '13744947', '137449471', '1901051', 'MODIFICACION DEUDA', '2019-01-25 18:40:40', '2019-01-25 18:40:40'),
(281, '10481473', '104814735', '1901062', 'NUEVO PAGARE', '2019-01-25 23:26:54', '2019-01-25 23:26:54'),
(282, '10481473', '104814735', '1901062', 'MODIFICACION PACIENTE', '2019-01-25 23:28:20', '2019-01-25 23:28:20'),
(283, '10481473', '104814735', '1901062', 'VALIDACION PAGARE', '2019-01-25 23:29:25', '2019-01-25 23:29:25'),
(284, '10481473', '104814735', '1901063', 'NUEVO PAGARE', '2019-01-26 01:26:34', '2019-01-26 01:26:34'),
(285, '10481473', '104814735', '1901063', 'MODIFICACION PACIENTE', '2019-01-26 01:27:55', '2019-01-26 01:27:55'),
(286, '10481473', '104814735', '1901063', 'VALIDACION PAGARE', '2019-01-26 01:28:04', '2019-01-26 01:28:04'),
(287, '9083321', '90833219', '1901064', 'NUEVO PAGARE', '2019-01-26 11:43:35', '2019-01-26 11:43:35'),
(288, '9083321', '90833219', '1901064', 'MODIFICACION PACIENTE', '2019-01-26 11:46:29', '2019-01-26 11:46:29'),
(289, '9083321', '90833219', '1901064', 'VALIDACION PAGARE', '2019-01-26 11:46:38', '2019-01-26 11:46:38'),
(290, '9083321', '90833219', '1901065', 'NUEVO PAGARE', '2019-01-26 15:19:24', '2019-01-26 15:19:24'),
(291, '9083321', '90833219', '1901065', 'MODIFICACION PACIENTE', '2019-01-26 15:20:43', '2019-01-26 15:20:43'),
(292, '9083321', '90833219', '1901065', 'NUEVO MANDATO', '2019-01-26 15:21:19', '2019-01-26 15:21:19'),
(293, '9083321', '90833219', '1901065', 'VALIDACION PAGARE', '2019-01-26 15:21:56', '2019-01-26 15:21:56'),
(294, '9083321', '90833219', '1901066', 'NUEVO PAGARE', '2019-01-26 18:00:28', '2019-01-26 18:00:28'),
(295, '9083321', '90833219', '1901066', 'MODIFICACION PACIENTE', '2019-01-26 18:01:39', '2019-01-26 18:01:39'),
(296, '9083321', '90833219', '1901066', 'VALIDACION PAGARE', '2019-01-26 18:02:03', '2019-01-26 18:02:03'),
(297, '9083321', '90833219', '1901067', 'NUEVO PAGARE', '2019-01-26 20:09:58', '2019-01-26 20:09:58'),
(298, '9083321', '90833219', '1901068', 'NUEVO PAGARE', '2019-01-26 20:09:59', '2019-01-26 20:09:59'),
(299, '9083321', '90833219', '1901069', 'NUEVO PAGARE', '2019-01-26 20:09:59', '2019-01-26 20:09:59'),
(300, '9083321', '90833219', '1901069', 'MODIFICACION PACIENTE', '2019-01-26 20:11:57', '2019-01-26 20:11:57'),
(301, '9083321', '90833219', '1901069', 'NUEVO MANDATO', '2019-01-26 20:12:49', '2019-01-26 20:12:49'),
(302, '9083321', '90833219', '1901069', 'VALIDACION PAGARE', '2019-01-26 20:13:33', '2019-01-26 20:13:33'),
(303, '9083321', '90833219', '1901070', 'NUEVO PAGARE', '2019-01-26 20:41:35', '2019-01-26 20:41:35'),
(304, '9083321', '90833219', '1901070', 'MODIFICACION PACIENTE', '2019-01-26 20:42:59', '2019-01-26 20:42:59'),
(305, '9083321', '90833219', '1901070', 'VALIDACION PAGARE', '2019-01-26 20:43:04', '2019-01-26 20:43:04'),
(306, '9083321', '90833219', '1901071', 'NUEVO PAGARE', '2019-01-26 21:37:27', '2019-01-26 21:37:27'),
(307, '9083321', '90833219', '1901071', 'MODIFICACION PACIENTE', '2019-01-26 21:38:13', '2019-01-26 21:38:13'),
(308, '9083321', '90833219', '1901071', 'VALIDACION PAGARE', '2019-01-26 21:38:48', '2019-01-26 21:38:48'),
(309, '9714925', '97149259', '1901072', 'NUEVO PAGARE', '2019-01-27 18:30:43', '2019-01-27 18:30:43'),
(310, '9714925', '97149259', '1901072', 'MODIFICACION PACIENTE', '2019-01-27 18:32:01', '2019-01-27 18:32:01'),
(311, '9714925', '97149259', '1901072', 'MODIFICACION DEUDOR', '2019-01-27 18:32:18', '2019-01-27 18:32:18'),
(312, '9714925', '97149259', '1901072', 'MODIFICACION PACIENTE', '2019-01-27 18:32:39', '2019-01-27 18:32:39'),
(313, '9714925', '97149259', '1901072', 'MODIFICACION PACIENTE', '2019-01-27 18:32:55', '2019-01-27 18:32:55'),
(314, '9714925', '97149259', '1901072', 'VALIDACION PAGARE', '2019-01-27 18:33:04', '2019-01-27 18:33:04'),
(315, '9714925', '97149259', '1901073', 'NUEVO PAGARE', '2019-01-27 18:47:55', '2019-01-27 18:47:55'),
(316, '9714925', '97149259', '1901073', 'MODIFICACION PACIENTE', '2019-01-27 18:48:56', '2019-01-27 18:48:56'),
(317, '9714925', '97149259', '1901073', 'MODIFICACION DEUDOR', '2019-01-27 18:49:10', '2019-01-27 18:49:10'),
(318, '9714925', '97149259', '1901073', 'VALIDACION PAGARE', '2019-01-27 18:49:15', '2019-01-27 18:49:15'),
(319, '9714925', '97149259', '1901074', 'NUEVO PAGARE', '2019-01-27 18:58:16', '2019-01-27 18:58:16'),
(320, '9714925', '97149259', '1901074', 'MODIFICACION PACIENTE', '2019-01-27 18:59:06', '2019-01-27 18:59:06'),
(321, '9714925', '97149259', '1901074', 'MODIFICACION DEUDOR', '2019-01-27 18:59:22', '2019-01-27 18:59:22'),
(322, '9714925', '97149259', '1901074', 'MODIFICACION PACIENTE', '2019-01-27 18:59:32', '2019-01-27 18:59:32'),
(323, '9714925', '97149259', '1901074', 'VALIDACION PAGARE', '2019-01-27 18:59:36', '2019-01-27 18:59:36'),
(324, '9714925', '97149259', '1901075', 'NUEVO PAGARE', '2019-01-27 19:17:19', '2019-01-27 19:17:19'),
(325, '9714925', '97149259', '1901075', 'MODIFICACION PACIENTE', '2019-01-27 19:18:07', '2019-01-27 19:18:07'),
(326, '9714925', '97149259', '1901075', 'MODIFICACION DEUDOR', '2019-01-27 19:18:23', '2019-01-27 19:18:23'),
(327, '9714925', '97149259', '1901075', 'VALIDACION PAGARE', '2019-01-27 19:18:26', '2019-01-27 19:18:26'),
(328, '9083321', '90833219', '1901076', 'NUEVO PAGARE', '2019-01-28 10:41:27', '2019-01-28 10:41:27'),
(329, '9083321', '90833219', '1901076', 'MODIFICACION PACIENTE', '2019-01-28 10:43:04', '2019-01-28 10:43:04'),
(330, '9083321', '90833219', '1901076', 'VALIDACION PAGARE', '2019-01-28 10:43:41', '2019-01-28 10:43:41'),
(331, '13744947', '137449471', '1901054', 'ANULAR PAGARE', '2019-01-28 11:56:34', '2019-01-28 11:56:34'),
(332, '13744947', '137449471', '1901056', 'ANULAR PAGARE', '2019-01-28 11:57:28', '2019-01-28 11:57:28'),
(333, '13744947', '137449471', '1901063', 'MODIFICACION DEUDA', '2019-01-28 12:07:45', '2019-01-28 12:07:45'),
(334, '13744947', '137449471', '1901064', 'MODIFICACION DEUDA', '2019-01-28 12:10:36', '2019-01-28 12:10:36'),
(335, '13744947', '137449471', '1901077', 'NUEVO PAGARE', '2019-01-28 15:21:54', '2019-01-28 15:21:54'),
(336, '13744947', '137449471', '1901077', 'MODIFICACION CODEUDOR', '2019-01-28 15:24:03', '2019-01-28 15:24:03'),
(337, '13744947', '137449471', '1901077', 'MODIFICACION PACIENTE', '2019-01-28 15:24:52', '2019-01-28 15:24:52'),
(338, '13744947', '137449471', '1901077', 'NUEVO MANDATO', '2019-01-28 15:25:14', '2019-01-28 15:25:14'),
(339, '13744947', '137449471', '1901077', 'VALIDACION PAGARE', '2019-01-28 15:25:24', '2019-01-28 15:25:24'),
(340, '13222839', '132228396', '1901078', 'NUEVO PAGARE', '2019-01-28 16:38:39', '2019-01-28 16:38:39'),
(341, '13222839', '132228396', '1901078', 'MODIFICACION PACIENTE', '2019-01-28 16:39:34', '2019-01-28 16:39:34'),
(342, '13222839', '132228396', '1901078', 'NUEVO MANDATO', '2019-01-28 16:40:17', '2019-01-28 16:40:17'),
(343, '13222839', '132228396', '1901078', 'MODIFICACION DEUDA', '2019-01-28 16:42:42', '2019-01-28 16:42:42'),
(344, '13222839', '132228396', '1901078', 'MODIFICACION DEUDA', '2019-01-28 16:46:20', '2019-01-28 16:46:20'),
(345, '13222839', '132228396', '1901078', 'VALIDACION PAGARE', '2019-01-28 16:46:31', '2019-01-28 16:46:31'),
(346, '13744947', '137449471', '1901066', 'MODIFICACION DEUDA', '2019-01-29 17:12:52', '2019-01-29 17:12:52'),
(347, '13744947', '137449471', '1901066', 'INGRESO PAGO', '2019-01-29 17:13:13', '2019-01-29 17:13:13'),
(348, '13744947', '137449471', '1901061', 'MODIFICACION DEUDA', '2019-01-29 17:15:49', '2019-01-29 17:15:49'),
(349, '13744947', '137449471', '1901072', 'MODIFICACION DEUDA', '2019-01-29 17:37:30', '2019-01-29 17:37:30'),
(350, '13744947', '137449471', '1901071', 'MODIFICACION DEUDA', '2019-01-29 17:39:18', '2019-01-29 17:39:18'),
(351, '13744947', '137449471', '1901071', 'INGRESO PAGO', '2019-01-29 17:39:37', '2019-01-29 17:39:37'),
(352, '13744947', '137449471', '1901073', 'MODIFICACION DEUDA', '2019-01-29 17:50:57', '2019-01-29 17:50:57'),
(353, '13744947', '137449471', '1901070', 'MODIFICACION DEUDA', '2019-01-29 17:52:08', '2019-01-29 17:52:08'),
(354, '13744947', '137449471', '1901074', 'MODIFICACION DEUDA', '2019-01-29 17:53:14', '2019-01-29 17:53:14'),
(355, '13744947', '137449471', '1901075', 'MODIFICACION DEUDA', '2019-01-29 17:54:09', '2019-01-29 17:54:09'),
(356, '13744947', '137449471', '1901065', 'MODIFICACION DEUDA', '2019-01-29 17:55:30', '2019-01-29 17:55:30'),
(357, '13744947', '137449471', '1901046', 'ANULAR PAGARE', '2019-01-29 17:56:43', '2019-01-29 17:56:43'),
(358, '13744947', '137449471', '1901076', 'ANULAR PAGARE', '2019-01-29 17:57:48', '2019-01-29 17:57:48'),
(359, '13744947', '137449471', '1901062', 'MODIFICACION DEUDA', '2019-01-29 18:00:56', '2019-01-29 18:00:56'),
(360, '13744947', '137449471', '1901062', 'INGRESO PAGO', '2019-01-29 18:01:15', '2019-01-29 18:01:15'),
(361, '18940785', '189407858', '1901079', 'NUEVO PAGARE', '2019-01-29 18:33:39', '2019-01-29 18:33:39'),
(362, '18940785', '189407858', '1901079', 'MODIFICACION DEUDOR', '2019-01-29 18:33:52', '2019-01-29 18:33:52'),
(363, '18940785', '189407858', '1901079', 'MODIFICACION PACIENTE', '2019-01-29 18:34:08', '2019-01-29 18:34:08'),
(364, '18940785', '189407858', '1901079', 'MODIFICACION DEUDA', '2019-01-29 18:35:53', '2019-01-29 18:35:53'),
(365, '18940785', '189407858', '1901079', 'NUEVO MANDATO', '2019-01-29 18:36:28', '2019-01-29 18:36:28'),
(366, '18940785', '189407858', '1901079', 'VALIDACION PAGARE', '2019-01-29 18:37:17', '2019-01-29 18:37:17'),
(367, '13744947', '137449471', '1901074', 'INGRESO PAGO', '2019-01-30 18:57:10', '2019-01-30 18:57:10'),
(368, '13744947', '137449471', '1901051', 'INGRESO PAGO', '2019-01-30 19:00:49', '2019-01-30 19:00:49'),
(369, '13744947', '137449471', '1901075', 'INGRESO PAGO', '2019-01-30 19:03:05', '2019-01-30 19:03:05'),
(370, '13744947', '137449471', '1901058', 'MODIFICACION DEUDA', '2019-01-30 19:09:42', '2019-01-30 19:09:42'),
(371, '13744947', '137449471', '1901043', 'MODIFICACION DEUDA', '2019-01-30 19:10:14', '2019-01-30 19:10:14'),
(372, '13744947', '137449471', '1901044', 'MODIFICACION DEUDA', '2019-01-30 19:10:41', '2019-01-30 19:10:41'),
(373, '13222839', '132228396', '1901080', 'NUEVO PAGARE', '2019-01-31 16:55:58', '2019-01-31 16:55:58'),
(374, '13222839', '132228396', '1901080', 'MODIFICACION PACIENTE', '2019-01-31 16:59:08', '2019-01-31 16:59:08'),
(375, '13222839', '132228396', '1901080', 'NUEVO MANDATO', '2019-01-31 17:00:09', '2019-01-31 17:00:09'),
(376, '13222839', '132228396', '1901080', 'VALIDACION PAGARE', '2019-01-31 17:00:37', '2019-01-31 17:00:37'),
(377, '13744947', '137449471', '1901060', 'MODIFICACION DEUDA', '2019-01-31 19:31:35', '2019-01-31 19:31:35'),
(378, '13744947', '137449471', '1901072', 'INGRESO PAGO', '2019-01-31 19:48:54', '2019-01-31 19:48:54'),
(379, '9083321', '90833219', '1901081', 'NUEVO PAGARE', '2019-01-31 19:51:39', '2019-01-31 19:51:39'),
(380, '9083321', '90833219', '1901081', 'MODIFICACION PACIENTE', '2019-01-31 19:52:59', '2019-01-31 19:52:59'),
(381, '9083321', '90833219', '1901081', 'NUEVO MANDATO', '2019-01-31 19:53:40', '2019-01-31 19:53:40'),
(382, '9083321', '90833219', '1901081', 'VALIDACION PAGARE', '2019-01-31 19:54:17', '2019-01-31 19:54:17'),
(383, '9714925', '97149259', '1902001', 'NUEVO PAGARE', '2019-02-02 15:29:14', '2019-02-02 15:29:14'),
(384, '9714925', '97149259', '1902001', 'MODIFICACION PACIENTE', '2019-02-02 15:30:34', '2019-02-02 15:30:34'),
(385, '9714925', '97149259', '1902001', 'MODIFICACION DEUDOR', '2019-02-02 15:31:07', '2019-02-02 15:31:07'),
(386, '9714925', '97149259', '1902001', 'MODIFICACION PACIENTE', '2019-02-02 15:31:53', '2019-02-02 15:31:53'),
(387, '9714925', '97149259', '1902001', 'VALIDACION PAGARE', '2019-02-02 15:31:58', '2019-02-02 15:31:58'),
(388, '9714925', '97149259', '1902002', 'NUEVO PAGARE', '2019-02-02 16:12:00', '2019-02-02 16:12:00'),
(389, '9714925', '97149259', '1902002', 'MODIFICACION PACIENTE', '2019-02-02 16:13:36', '2019-02-02 16:13:36'),
(390, '9714925', '97149259', '1902002', 'MODIFICACION DEUDOR', '2019-02-02 16:13:47', '2019-02-02 16:13:47'),
(391, '9714925', '97149259', '1902002', 'VALIDACION PAGARE', '2019-02-02 16:13:51', '2019-02-02 16:13:51'),
(392, '9714925', '97149259', '1902003', 'NUEVO PAGARE', '2019-02-02 17:29:56', '2019-02-02 17:29:56'),
(393, '9714925', '97149259', '1902003', 'MODIFICACION PACIENTE', '2019-02-02 17:31:08', '2019-02-02 17:31:08'),
(394, '9714925', '97149259', '1902003', 'MODIFICACION DEUDOR', '2019-02-02 17:31:24', '2019-02-02 17:31:24'),
(395, '9714925', '97149259', '1902003', 'MODIFICACION PACIENTE', '2019-02-02 17:31:36', '2019-02-02 17:31:36'),
(396, '9714925', '97149259', '1902003', 'VALIDACION PAGARE', '2019-02-02 17:31:43', '2019-02-02 17:31:43'),
(397, '9714925', '97149259', '1902004', 'NUEVO PAGARE', '2019-02-02 17:38:55', '2019-02-02 17:38:55'),
(398, '9714925', '97149259', '1902004', 'MODIFICACION PACIENTE', '2019-02-02 17:39:39', '2019-02-02 17:39:39'),
(399, '9714925', '97149259', '1902004', 'MODIFICACION DEUDOR', '2019-02-02 17:40:02', '2019-02-02 17:40:02'),
(400, '9714925', '97149259', '1902004', 'MODIFICACION PACIENTE', '2019-02-02 17:40:12', '2019-02-02 17:40:12'),
(401, '9714925', '97149259', '1902004', 'VALIDACION PAGARE', '2019-02-02 17:40:16', '2019-02-02 17:40:16'),
(402, '9714925', '97149259', '1902005', 'NUEVO PAGARE', '2019-02-02 18:00:15', '2019-02-02 18:00:15'),
(403, '9714925', '97149259', '1902005', 'MODIFICACION DEUDOR', '2019-02-02 18:00:19', '2019-02-02 18:00:19'),
(404, '9714925', '97149259', '1902005', 'MODIFICACION PACIENTE', '2019-02-02 18:01:03', '2019-02-02 18:01:03'),
(405, '9714925', '97149259', '1902005', 'MODIFICACION DEUDOR', '2019-02-02 18:01:29', '2019-02-02 18:01:29'),
(406, '9714925', '97149259', '1902005', 'MODIFICACION DEUDOR', '2019-02-02 18:01:51', '2019-02-02 18:01:51'),
(407, '9714925', '97149259', '1902005', 'MODIFICACION PACIENTE', '2019-02-02 18:02:02', '2019-02-02 18:02:02'),
(408, '9714925', '97149259', '1902005', 'VALIDACION PAGARE', '2019-02-02 18:02:05', '2019-02-02 18:02:05'),
(409, '9714925', '97149259', '1902006', 'NUEVO PAGARE', '2019-02-02 18:14:59', '2019-02-02 18:14:59'),
(410, '9714925', '97149259', '1902006', 'MODIFICACION PACIENTE', '2019-02-02 18:15:42', '2019-02-02 18:15:42'),
(411, '9714925', '97149259', '1902006', 'MODIFICACION DEUDOR', '2019-02-02 18:15:58', '2019-02-02 18:15:58'),
(412, '9714925', '97149259', '1902006', 'MODIFICACION PACIENTE', '2019-02-02 18:16:08', '2019-02-02 18:16:08'),
(413, '9714925', '97149259', '1902006', 'VALIDACION PAGARE', '2019-02-02 18:16:16', '2019-02-02 18:16:16'),
(414, '18940785', '189407858', '1902007', 'NUEVO PAGARE', '2019-02-04 13:18:01', '2019-02-04 13:18:01'),
(415, '18940785', '189407858', '1902007', 'MODIFICACION PACIENTE', '2019-02-04 13:18:19', '2019-02-04 13:18:19'),
(416, '18940785', '189407858', '1902007', 'MODIFICACION DEUDA', '2019-02-04 13:19:51', '2019-02-04 13:19:51'),
(417, '18940785', '189407858', '1902007', 'NUEVO MANDATO', '2019-02-04 13:20:39', '2019-02-04 13:20:39'),
(418, '18940785', '189407858', '1902007', 'VALIDACION PAGARE', '2019-02-04 13:21:18', '2019-02-04 13:21:18'),
(419, '18940785', '189407858', '1902008', 'NUEVO PAGARE', '2019-02-04 16:26:11', '2019-02-04 16:26:11'),
(420, '18940785', '189407858', '1902008', 'MODIFICACION PACIENTE', '2019-02-04 16:27:04', '2019-02-04 16:27:04'),
(421, '18940785', '189407858', '1902008', 'MODIFICACION DEUDA', '2019-02-04 16:27:30', '2019-02-04 16:27:30'),
(422, '18940785', '189407858', '1902008', 'NUEVO MANDATO', '2019-02-04 16:28:47', '2019-02-04 16:28:47'),
(423, '18940785', '189407858', '1902008', 'VALIDACION PAGARE', '2019-02-04 16:28:54', '2019-02-04 16:28:54'),
(424, '18940785', '189407858', '1902009', 'NUEVO PAGARE', '2019-02-04 17:40:47', '2019-02-04 17:40:47'),
(425, '18940785', '189407858', '1902009', 'MODIFICACION PACIENTE', '2019-02-04 17:41:28', '2019-02-04 17:41:28'),
(426, '18940785', '189407858', '1902009', 'MODIFICACION DEUDA', '2019-02-04 17:42:07', '2019-02-04 17:42:07'),
(427, '18940785', '189407858', '1902009', 'NUEVO MANDATO', '2019-02-04 17:42:37', '2019-02-04 17:42:37'),
(428, '18940785', '189407858', '1902009', 'VALIDACION PAGARE', '2019-02-04 17:42:54', '2019-02-04 17:42:54'),
(429, '10223922', '102239229', '1902010', 'NUEVO PAGARE', '2019-02-04 18:59:06', '2019-02-04 18:59:06'),
(430, '10223922', '102239229', '1902010', 'MODIFICACION PACIENTE', '2019-02-04 18:59:58', '2019-02-04 18:59:58'),
(431, '10223922', '102239229', '1902010', 'MODIFICACION DEUDA', '2019-02-04 19:01:35', '2019-02-04 19:01:35'),
(432, '10223922', '102239229', '1902010', 'NUEVO MANDATO', '2019-02-04 19:02:05', '2019-02-04 19:02:05'),
(433, '10223922', '102239229', '1902010', 'VALIDACION PAGARE', '2019-02-04 19:02:29', '2019-02-04 19:02:29'),
(434, '13422362', '134223626', '1901049', 'INGRESO PAGO', '2019-02-04 19:04:15', '2019-02-04 19:04:15'),
(435, '13422362', '134223626', '1901016', 'INGRESO PAGO', '2019-02-05 14:32:11', '2019-02-05 14:32:11'),
(436, '10223922', '102239229', '1902011', 'NUEVO PAGARE', '2019-02-05 16:02:18', '2019-02-05 16:02:18'),
(437, '10223922', '102239229', '1902011', 'MODIFICACION PACIENTE', '2019-02-05 16:03:38', '2019-02-05 16:03:38'),
(438, '10223922', '102239229', '1902011', 'NUEVO MANDATO', '2019-02-05 16:04:08', '2019-02-05 16:04:08'),
(439, '10223922', '102239229', '1902011', 'VALIDACION PAGARE', '2019-02-05 16:04:31', '2019-02-05 16:04:31'),
(440, '10223922', '102239229', '1902012', 'NUEVO PAGARE', '2019-02-05 17:54:09', '2019-02-05 17:54:09'),
(441, '10223922', '102239229', '1902012', 'MODIFICACION PACIENTE', '2019-02-05 17:55:03', '2019-02-05 17:55:03'),
(442, '10223922', '102239229', '1902012', 'MODIFICACION DEUDA', '2019-02-05 17:56:28', '2019-02-05 17:56:28'),
(443, '10223922', '102239229', '1902012', 'MODIFICACION DEUDA', '2019-02-05 17:56:45', '2019-02-05 17:56:45'),
(444, '10223922', '102239229', '1902012', 'NUEVO MANDATO', '2019-02-05 17:57:11', '2019-02-05 17:57:11'),
(445, '10223922', '102239229', '1902012', 'VALIDACION PAGARE', '2019-02-05 17:57:28', '2019-02-05 17:57:28'),
(446, '13422362', '134223626', '1901079', 'INGRESO PAGO', '2019-02-05 20:07:41', '2019-02-05 20:07:41'),
(447, '10481473', '104814735', '1902013', 'NUEVO PAGARE', '2019-02-05 23:03:38', '2019-02-05 23:03:38'),
(448, '10481473', '104814735', '1902013', 'MODIFICACION PACIENTE', '2019-02-05 23:05:24', '2019-02-05 23:05:24'),
(449, '10481473', '104814735', '1902013', 'NUEVO MANDATO', '2019-02-05 23:05:52', '2019-02-05 23:05:52'),
(450, '10481473', '104814735', '1902013', 'VALIDACION PAGARE', '2019-02-05 23:06:10', '2019-02-05 23:06:10');

-- --------------------------------------------------------

--
-- Estructura de tabla para la tabla `mandatos`
--

CREATE TABLE `mandatos` (
  `id` int(10) UNSIGNED NOT NULL,
  `nombre` varchar(191) COLLATE utf8mb4_unicode_ci NOT NULL,
  `paterno` varchar(191) COLLATE utf8mb4_unicode_ci NOT NULL,
  `materno` varchar(191) COLLATE utf8mb4_unicode_ci NOT NULL,
  `full_nombre` varchar(191) COLLATE utf8mb4_unicode_ci NOT NULL,
  `rut` varchar(191) COLLATE utf8mb4_unicode_ci NOT NULL,
  `created_at` timestamp NULL DEFAULT NULL,
  `updated_at` timestamp NULL DEFAULT NULL
) ENGINE=InnoDB DEFAULT CHARSET=utf8mb4 COLLATE=utf8mb4_unicode_ci;

--
-- Volcado de datos para la tabla `mandatos`
--

INSERT INTO `mandatos` (`id`, `nombre`, `paterno`, `materno`, `full_nombre`, `rut`, `created_at`, `updated_at`) VALUES
(1, 'KARINA', 'CASTILLO', 'CASTILLO', 'KARINA CASTILLO CASTILLO', '12171772', '2018-12-31 12:11:10', '2018-12-31 12:11:10'),
(2, 'RAUL', 'LOPEZ', 'CAMPUSANO', 'RAUL LOPEZ CAMPUSANO', '9083321', '2018-12-31 13:19:28', '2018-12-31 13:19:28'),
(3, 'EUGENIO', 'ALBASINI', 'BROLL', 'EUGENIO ALBASINI BROLL', '9637323', '2019-01-01 22:32:56', '2019-01-01 22:32:56'),
(4, 'ALICIA EMA', 'GALLEGUILLOS', 'SALAZAR', 'ALICIA EMA GALLEGUILLOS SALAZAR', '8604506', '2019-01-02 13:55:53', '2019-01-02 13:55:53'),
(5, 'JESSICA JEANNETTE', 'YAÑEZ', 'DELGADO', 'JESSICA JEANNETTE YAÑEZ DELGADO', '10624440', '2019-01-03 19:08:16', '2019-01-03 19:08:16'),
(6, 'ELIANA   DEL CARMEN', 'PEZOA', 'DURAN', 'ELIANA   DEL CARMEN PEZOA DURAN', '6066113', '2019-01-04 18:49:30', '2019-01-04 18:49:30'),
(7, 'MEDELY   ANDREA', 'BARRA', 'VIDAURRE', 'MEDELY   ANDREA BARRA VIDAURRE', '17117247', '2019-01-08 18:03:42', '2019-01-08 18:03:42'),
(8, 'SANDRA GRACIELA', 'GAETE', 'GODOY', 'SANDRA GRACIELA GAETE GODOY', '13873491', '2019-01-08 22:34:51', '2019-01-08 22:34:51'),
(9, 'CATALINA DEL PILAR', 'OLIVARES', 'ESTAY', 'CATALINA DEL PILAR OLIVARES ESTAY', '15557574', '2019-01-09 14:53:38', '2019-01-09 14:53:38'),
(10, 'EDUARDO JAVIER', 'ROZAS', 'PONCE', 'EDUARDO JAVIER ROZAS PONCE', '12441081', '2019-01-10 13:48:47', '2019-01-10 13:48:47'),
(11, 'SEBASTIAN RODRIGO', 'DIAZ', 'HENRIQUEZ', 'SEBASTIAN RODRIGO DIAZ HENRIQUEZ', '17194650', '2019-01-13 18:40:49', '2019-01-13 18:40:49'),
(12, 'PEDRO MARIO', 'FURNES', 'SIBULKA', 'PEDRO MARIO FURNES SIBULKA', '9679571', '2019-01-14 16:55:01', '2019-01-14 16:55:01'),
(13, 'LESLY', 'BERNAL', 'GONZALEZ', 'LESLY BERNAL GONZALEZ', '19451264', '2019-01-15 03:43:19', '2019-01-15 03:43:19'),
(14, 'FRANCISCO BLADIMIR', 'ARAYA', 'DIAZ', 'FRANCISCO BLADIMIR ARAYA DIAZ', '13873953', '2019-01-16 16:50:01', '2019-01-16 16:50:01'),
(15, 'CINTHIA  YOVANNA', 'MUÑOZ', 'TORRES', 'CINTHIA  YOVANNA MUÑOZ TORRES', '11379239', '2019-01-16 18:06:13', '2019-01-16 18:06:13'),
(16, 'JUAN YEPSURY', 'ARAYA', 'RIVERA', 'JUAN YEPSURY ARAYA RIVERA', '15027140', '2019-01-16 18:27:55', '2019-01-16 18:27:55'),
(17, 'JUAN', 'CONCHA', 'SANHUEZA', 'JUAN CONCHA SANHUEZA', '10027773', '2019-01-16 19:42:37', '2019-01-16 19:42:37'),
(18, 'ANDREA', 'AHUMADA', 'PACHECO', 'ANDREA AHUMADA PACHECO', '12721720', '2019-01-16 20:39:19', '2019-01-16 20:39:19'),
(19, 'PATRICIA ISABEL', 'ESCOBAR', 'HUERTA', 'PATRICIA ISABEL ESCOBAR HUERTA', '11203762', '2019-01-17 02:57:48', '2019-01-17 02:57:48'),
(20, 'JOSE LUIS', 'FUENTES', 'ARAYA', 'JOSE LUIS FUENTES ARAYA', '15033804', '2019-01-18 14:49:46', '2019-01-18 14:49:46'),
(21, 'ROBERTO', 'SALINAS', 'SEPULVEDA', 'ROBERTO SALINAS SEPULVEDA', '11874176', '2019-01-18 17:31:44', '2019-01-18 17:31:44'),
(22, 'JENNY', 'SANTIBAÑEZ', 'CASTILLO', 'JENNY SANTIBAÑEZ CASTILLO', '14547899', '2019-01-21 03:23:08', '2019-01-21 03:23:08'),
(23, 'ANDREA DAYAN', 'ESTRADA', 'SOLARI', 'ANDREA DAYAN ESTRADA SOLARI', '13643986', '2019-01-21 19:16:59', '2019-01-21 19:16:59'),
(24, 'LUIS', 'DONOSO', 'GALLARDO', 'LUIS DONOSO GALLARDO', '8809649', '2019-01-22 16:33:19', '2019-01-22 16:33:19'),
(25, 'ROBINSON EDUARDO', 'RAMOS', 'FLORES', 'ROBINSON EDUARDO RAMOS FLORES', '16450263', '2019-01-22 16:46:27', '2019-01-22 16:46:27'),
(26, 'CRISTIAN EXEQUIEL', 'VEGA', 'MERCADO', 'CRISTIAN EXEQUIEL VEGA MERCADO', '17194482', '2019-01-22 17:38:53', '2019-01-22 17:38:53'),
(27, 'DANIEL ALEJANDRO', 'RIVERA', 'ALVAREZ', 'DANIEL ALEJANDRO RIVERA ALVAREZ', '16189311', '2019-01-23 03:08:56', '2019-01-23 03:08:56'),
(28, 'CINTYA JEANNETTE', 'TORRES', 'RAMIREZ', 'CINTYA JEANNETTE TORRES RAMIREZ', '18398769', '2019-01-23 18:34:51', '2019-01-23 18:34:51'),
(29, 'JAQUELIN YANETT', 'PARRA', 'JELVEZ', 'JAQUELIN YANETT PARRA JELVEZ', '8681569', '2019-01-24 18:52:21', '2019-01-24 18:52:21'),
(30, 'PEDRO JAVIER', 'ALQUINTA', 'VERA', 'PEDRO JAVIER ALQUINTA VERA', '18398914', '2019-01-24 19:59:37', '2019-01-24 19:59:37'),
(31, 'PEDRO JAVIER', 'ALQUINTA', 'VERA', 'PEDRO JAVIER ALQUINTA VERA', '18398914', '2019-01-24 20:07:47', '2019-01-24 20:07:47'),
(32, 'BASTIAN ISAIAS', 'ROJAS', 'ARAYA', 'BASTIAN ISAIAS ROJAS ARAYA', '17635266', '2019-01-25 11:56:48', '2019-01-25 11:56:48'),
(33, 'JACQUELINE', 'BELTRAN', 'ARENAS', 'JACQUELINE BELTRAN ARENAS', '13015802', '2019-01-25 15:41:37', '2019-01-25 15:41:37'),
(34, 'RODRIGO', 'CUEVAS', 'NEYRA', 'RODRIGO CUEVAS NEYRA', '12939783', '2019-01-26 15:21:19', '2019-01-26 15:21:19'),
(35, 'MARLENE', 'BOLADOS', 'SANHUEZA', 'MARLENE BOLADOS SANHUEZA', '8975449', '2019-01-26 20:12:49', '2019-01-26 20:12:49'),
(36, 'MOISES ABRAHAM', 'MORAGA', 'VILLALOBOS', 'MOISES ABRAHAM MORAGA VILLALOBOS', '9878250', '2019-01-28 15:25:14', '2019-01-28 15:25:14'),
(37, 'JANET', 'ARAYA', 'FARIAS', 'JANET ARAYA FARIAS', '10180128', '2019-01-28 16:40:17', '2019-01-28 16:40:17'),
(38, 'MARIANELA ANGELICA', 'MORALES', 'PIZARRO', 'MARIANELA ANGELICA MORALES PIZARRO', '15611254', '2019-01-29 18:36:28', '2019-01-29 18:36:28'),
(39, 'JOSE LUIS', 'FUENTES', 'ARAYA', 'JOSE LUIS FUENTES ARAYA', '15033804', '2019-01-31 17:00:08', '2019-01-31 17:00:08'),
(40, 'HECTOR', 'VILCHES', 'MOLINA', 'HECTOR VILCHES MOLINA', '12218720', '2019-01-31 19:53:39', '2019-01-31 19:53:39'),
(41, 'JOCELYN ANDREA', 'UBILLA', 'SILVA', 'JOCELYN ANDREA UBILLA SILVA', '17773383', '2019-02-04 13:20:39', '2019-02-04 13:20:39'),
(42, 'PATRICIO MARCELO', 'MOLINA', 'TAPIA', 'PATRICIO MARCELO MOLINA TAPIA', '17831487', '2019-02-04 16:28:47', '2019-02-04 16:28:47'),
(43, 'FREDY FELIX', 'CORTES', 'CAVERO', 'FREDY FELIX CORTES CAVERO', '9148049', '2019-02-04 17:42:37', '2019-02-04 17:42:37'),
(44, 'RICARDO ANTONIO', 'CARRIZO', 'DIAZ', 'RICARDO ANTONIO CARRIZO DIAZ', '10517026', '2019-02-04 19:02:05', '2019-02-04 19:02:05'),
(45, 'EDUARDO ALEJANDRO', 'LARA', 'MADARIAGA', 'EDUARDO ALEJANDRO LARA MADARIAGA', '15029431', '2019-02-05 16:04:08', '2019-02-05 16:04:08'),
(46, 'LORENZO ANDALIEN', 'OSORIO', 'CUEVAS', 'LORENZO ANDALIEN OSORIO CUEVAS', '9763846', '2019-02-05 17:57:10', '2019-02-05 17:57:10'),
(47, 'CARLA PATRICIA', 'FLORES', 'FREDES', 'CARLA PATRICIA FLORES FREDES', '15030850', '2019-02-05 23:05:52', '2019-02-05 23:05:52');

-- --------------------------------------------------------

--
-- Estructura de tabla para la tabla `migrations`
--

CREATE TABLE `migrations` (
  `id` int(10) UNSIGNED NOT NULL,
  `migration` varchar(191) COLLATE utf8mb4_unicode_ci NOT NULL,
  `batch` int(11) NOT NULL
) ENGINE=InnoDB DEFAULT CHARSET=utf8mb4 COLLATE=utf8mb4_unicode_ci;

--
-- Volcado de datos para la tabla `migrations`
--

INSERT INTO `migrations` (`id`, `migration`, `batch`) VALUES
(619, '2014_10_11_999999_create_roles_table', 1),
(620, '2014_10_12_000000_create_users_table', 1),
(621, '2014_10_12_100000_create_password_resets_table', 1),
(622, '2018_01_17_122551_create_previsiones_table', 1),
(623, '2018_01_17_182109_create_estados_table', 1),
(624, '2018_01_17_182801_create_servicios_table', 1),
(625, '2018_01_17_182824_create_direcciones_table', 1),
(626, '2018_01_17_182907_create_deudores_table', 1),
(627, '2018_01_17_182932_create_pacientes_table', 1),
(628, '2018_01_17_182949_create_mandatos_table', 1),
(629, '2018_01_17_183108_create_codeudores_table', 1),
(630, '2018_01_17_183110_create_deudas_table', 1),
(631, '2018_01_17_183111_create_pagares_table', 1),
(632, '2018_01_17_183242_create_cuotas_table', 1),
(633, '2018_04_17_143051_create_logs_table', 1),
(634, '2018_12_05_125224_agregar_campo_motivo', 2),
(635, '2018_12_06_142038_agregar_campo_modalidad', 2),
(636, '2018_12_07_083303_agregar_campo_modalidad_con_relacion', 2),
(637, '2019_01_18_151648_add_prestacion_to_pacientes', 3),
(638, '2019_01_21_113024_tabla_comentarios', 3),
(639, '2019_01_21_115223_tabla_prestaciones', 3);

-- --------------------------------------------------------

--
-- Estructura de tabla para la tabla `modalidad`
--

CREATE TABLE `modalidad` (
  `id` int(10) UNSIGNED NOT NULL,
  `nombre` varchar(191) COLLATE utf8mb4_unicode_ci NOT NULL,
  `activo` tinyint(1) NOT NULL DEFAULT '1',
  `created_at` timestamp NULL DEFAULT NULL,
  `updated_at` timestamp NULL DEFAULT NULL
) ENGINE=InnoDB DEFAULT CHARSET=utf8mb4 COLLATE=utf8mb4_unicode_ci;

--
-- Volcado de datos para la tabla `modalidad`
--

INSERT INTO `modalidad` (`id`, `nombre`, `activo`, `created_at`, `updated_at`) VALUES
(1, 'INSTITUCIONAL', 1, NULL, NULL),
(2, 'LIBRE ELECCION', 1, NULL, NULL);

-- --------------------------------------------------------

--
-- Estructura de tabla para la tabla `observaciones`
--

CREATE TABLE `observaciones` (
  `id` int(10) UNSIGNED NOT NULL,
  `observacion` varchar(200) COLLATE utf8mb4_unicode_ci NOT NULL,
  `pagare_id` int(10) UNSIGNED NOT NULL,
  `user_id` int(10) UNSIGNED NOT NULL,
  `created_at` timestamp NULL DEFAULT NULL,
  `updated_at` timestamp NULL DEFAULT NULL
) ENGINE=InnoDB DEFAULT CHARSET=utf8mb4 COLLATE=utf8mb4_unicode_ci;

--
-- Volcado de datos para la tabla `observaciones`
--

INSERT INTO `observaciones` (`id`, `observacion`, `pagare_id`, `user_id`, `created_at`, `updated_at`) VALUES
(2, 'observacion_prueba_1', 12, 18, '2019-01-25 13:13:09', '2019-01-25 13:13:09');

-- --------------------------------------------------------

--
-- Estructura de tabla para la tabla `pacientes`
--

CREATE TABLE `pacientes` (
  `id` int(10) UNSIGNED NOT NULL,
  `nombre` varchar(191) COLLATE utf8mb4_unicode_ci DEFAULT NULL,
  `paterno` varchar(191) COLLATE utf8mb4_unicode_ci DEFAULT NULL,
  `materno` varchar(191) COLLATE utf8mb4_unicode_ci DEFAULT NULL,
  `full_nombre` varchar(191) COLLATE utf8mb4_unicode_ci DEFAULT NULL,
  `rut` varchar(191) COLLATE utf8mb4_unicode_ci DEFAULT NULL,
  `pasaporte` varchar(191) COLLATE utf8mb4_unicode_ci DEFAULT NULL,
  `vas` varchar(191) COLLATE utf8mb4_unicode_ci DEFAULT NULL,
  `dau` varchar(191) COLLATE utf8mb4_unicode_ci DEFAULT NULL,
  `medico` varchar(191) COLLATE utf8mb4_unicode_ci DEFAULT NULL,
  `servicio_id` int(10) UNSIGNED DEFAULT NULL,
  `prevision_id` int(10) UNSIGNED DEFAULT NULL,
  `created_at` timestamp NULL DEFAULT NULL,
  `updated_at` timestamp NULL DEFAULT NULL,
  `modalidad_id` int(10) UNSIGNED DEFAULT NULL,
  `prestacion` varchar(200) COLLATE utf8mb4_unicode_ci DEFAULT NULL
) ENGINE=InnoDB DEFAULT CHARSET=utf8mb4 COLLATE=utf8mb4_unicode_ci;

--
-- Volcado de datos para la tabla `pacientes`
--

INSERT INTO `pacientes` (`id`, `nombre`, `paterno`, `materno`, `full_nombre`, `rut`, `pasaporte`, `vas`, `dau`, `medico`, `servicio_id`, `prevision_id`, `created_at`, `updated_at`, `modalidad_id`, `prestacion`) VALUES
(1, NULL, NULL, NULL, NULL, NULL, NULL, NULL, NULL, '', NULL, NULL, '2018-12-31 12:01:53', '2018-12-31 12:01:53', NULL, NULL),
(2, 'IVANNA', 'LOPEZ', 'CASTILLO', 'IVANNA LOPEZ CASTILLO', '13221517', NULL, '00001', '001', '', 22, 7, '2018-12-31 12:03:45', '2018-12-31 12:21:02', 1, NULL),
(3, 'NICOLAS', 'LOPEZ', 'CHEPILLA', 'NICOLAS LOPEZ CHEPILLA', '19911550', NULL, '0002', '002', '', 22, 9, '2018-12-31 13:14:04', '2018-12-31 13:18:44', 1, NULL),
(4, 'ROBERTO', 'AGUIRRE', 'CORTES', 'ROBERTO AGUIRRE CORTES', '11616910', NULL, NULL, '121', '', 22, 19, '2019-01-01 18:26:12', '2019-01-01 18:36:22', 1, NULL),
(5, 'MARTA', 'DA-FORNO', 'BARAHONA', 'MARTA DA-FORNO BARAHONA', '14260087', NULL, NULL, NULL, '', 4, 4, '2019-01-01 19:01:00', '2019-01-01 19:02:21', 1, NULL),
(6, 'AGUSTIN', 'BAIGORRI', 'BARBOZA', 'AGUSTIN BAIGORRI BARBOZA', '24206106', NULL, NULL, NULL, '', 22, 19, '2019-01-01 21:11:07', '2019-01-01 21:12:39', 1, NULL),
(7, 'ALBERTO', 'ALBASINI', 'GHIGLINO', 'ALBERTO ALBASINI GHIGLINO', '18403726', NULL, NULL, '102', '', 22, 9, '2019-01-01 22:28:13', '2019-01-01 22:31:54', 1, NULL),
(8, 'ALICIA EMA', 'GALLEGUILLOS', 'SALAZAR', 'ALICIA EMA GALLEGUILLOS SALAZAR', '8604506', NULL, '206', NULL, '', 5, 3, '2019-01-02 13:53:44', '2019-01-02 13:54:36', 1, NULL),
(9, 'TRINIDAD ANTONIA', 'ROJAS', 'PIZARRO', 'TRINIDAD ANTONIA ROJAS PIZARRO', '25275369', NULL, NULL, NULL, '', 11, 9, '2019-01-02 18:03:34', '2019-01-02 18:05:47', 1, NULL),
(10, NULL, NULL, NULL, NULL, NULL, NULL, NULL, NULL, '', NULL, NULL, '2019-01-03 15:49:39', '2019-01-03 15:49:39', NULL, NULL),
(11, 'ANTONIO ALEXIS', 'YAÑEZ', 'ROJAS', 'ANTONIO ALEXIS YAÑEZ ROJAS', '9646322', NULL, '111', NULL, '', 1, 4, '2019-01-03 19:04:37', '2019-01-03 19:06:23', 1, NULL),
(12, 'NADIA  ALEJANDRA', 'ESCOBAR', 'PEREZ', 'NADIA  ALEJANDRA ESCOBAR PEREZ', '13222839', NULL, NULL, NULL, '', 25, 2, '2019-01-03 19:28:44', '2019-01-03 19:29:33', 1, NULL),
(13, 'MANUEL  FRANCISCO', 'COLLADO', 'COLLADO', 'MANUEL  FRANCISCO COLLADO COLLADO', '10046460', NULL, NULL, NULL, '', 1, 4, '2019-01-04 13:47:43', '2019-01-04 13:49:13', 1, NULL),
(14, 'AURORA KARIM', 'ALCAYAGA', 'GODOY', 'AURORA KARIM ALCAYAGA GODOY', '26633559', NULL, NULL, NULL, 'BERNARDO ALMEIDA', 6, 3, '2019-01-04 18:19:16', '2019-01-04 18:25:42', 1, NULL),
(15, 'MANUEL', 'PEZOA', 'MATUS', 'MANUEL PEZOA MATUS', '2159513', NULL, NULL, NULL, '', 5, 8, '2019-01-04 18:45:17', '2019-01-04 18:46:44', 2, NULL),
(16, 'PATRICIA', 'MONDACA', 'MORALES', 'PATRICIA MONDACA MORALES', '8500417', NULL, NULL, NULL, '', 1, 3, '2019-01-05 14:29:12', '2019-01-05 14:30:25', 1, NULL),
(17, 'BELEN', 'TAPIA', 'ARCE', 'BELEN TAPIA ARCE', '19460632', NULL, NULL, NULL, '', 4, 3, '2019-01-05 21:28:27', '2019-01-05 21:29:40', 1, NULL),
(18, 'EMILIO YAIR', 'MURIANO', 'RAMOS', 'EMILIO YAIR MURIANO RAMOS', '23160086', NULL, NULL, NULL, '', 11, 3, '2019-01-06 16:42:05', '2019-01-06 16:43:16', 1, NULL),
(19, 'EMILY ANTONIA', 'DÍAZ', 'SOLOAGA', 'EMILY ANTONIA DÍAZ SOLOAGA', '26637990', NULL, NULL, NULL, '', 6, 4, '2019-01-06 18:25:52', '2019-01-06 18:27:01', 1, NULL),
(20, 'PRISCILLA VALESKA', 'VERGARA', 'BRIONES', 'PRISCILLA VALESKA VERGARA BRIONES', '18673763', NULL, NULL, NULL, '', 8, 3, '2019-01-06 19:27:13', '2019-01-06 19:28:18', 1, NULL),
(21, 'JONATHAN', 'ROJAS', 'NAVARRETE', 'JONATHAN ROJAS NAVARRETE', '15707867', NULL, NULL, NULL, '', 15, 9, '2019-01-08 18:01:12', '2019-01-08 18:02:17', 2, NULL),
(22, 'SANDER DAVID', 'GAETE', 'GODOY', 'SANDER DAVID GAETE GODOY', '7581221', NULL, NULL, NULL, '', 22, 7, '2019-01-08 22:31:20', '2019-01-08 22:34:04', 2, NULL),
(23, 'LILA', 'AGUERO', 'FLORES', 'LILA AGUERO FLORES', '24255356', NULL, NULL, '2174', '', 22, 4, '2019-01-09 03:49:47', '2019-01-09 03:52:04', 1, NULL),
(24, 'CATALINA DEL PILAR', 'OLIVARES', 'ESTAY', 'CATALINA DEL PILAR OLIVARES ESTAY', '15557574', NULL, NULL, NULL, 'DR.SERGIO REYES', 12, 5, '2019-01-09 14:51:58', '2019-01-09 14:53:12', 2, NULL),
(25, 'LAURA PASCAL', 'ROZAS', 'HIDALGO', 'LAURA PASCAL ROZAS HIDALGO', '24698412', NULL, NULL, NULL, 'DR.DANIEL PAEZ', 12, 6, '2019-01-10 13:46:10', '2019-01-10 13:47:44', 2, NULL),
(26, 'PIA', 'URRUTIA', 'ESPOZ', 'PIA URRUTIA ESPOZ', '23575006', NULL, NULL, NULL, '', 11, 4, '2019-01-11 17:56:09', '2019-01-11 17:57:17', 1, NULL),
(27, 'JOSSEFA', 'SOTO', 'ALARCON', 'JOSSEFA SOTO ALARCON', '22099401', NULL, NULL, NULL, '', 11, 4, '2019-01-11 18:11:17', '2019-01-11 18:13:05', 1, NULL),
(28, 'CRISTOPHER', 'LATORRE', 'ESPINOZA', 'CRISTOPHER LATORRE ESPINOZA', '17901922', NULL, NULL, NULL, '', 21, 3, '2019-01-12 17:00:56', '2019-01-12 17:02:14', 1, NULL),
(29, 'PRISCILLA', 'VEGA', 'SEGOVIA', 'PRISCILLA VEGA SEGOVIA', '15032251', NULL, NULL, NULL, '', 4, 4, '2019-01-12 17:25:15', '2019-01-12 17:26:34', 1, NULL),
(30, 'SELIM', 'GUERRA', 'TAPIA', 'SELIM GUERRA TAPIA', '17605532', NULL, NULL, NULL, '', 22, 19, '2019-01-12 21:40:03', '2019-01-12 21:40:47', 1, NULL),
(31, 'ESTEFANIA', 'LOPEZ', 'SALVATIERRA', 'ESTEFANIA LOPEZ SALVATIERRA', '26263906', NULL, NULL, '1170', '', 11, 4, '2019-01-13 14:49:27', '2019-01-13 14:53:17', 1, NULL),
(32, 'NORA DEL CARMEN', 'ZARATE', 'VERGARA', 'NORA DEL CARMEN ZARATE VERGARA', '10981854', NULL, NULL, NULL, '', 1, 3, '2019-01-13 16:52:05', '2019-01-13 16:53:20', 1, NULL),
(33, 'SEBASTIAN ALONSO', 'CORRAL', 'MORALES', 'SEBASTIAN ALONSO CORRAL MORALES', '20152317', NULL, NULL, NULL, '', 12, 3, '2019-01-13 17:12:19', '2019-01-13 17:27:09', 1, NULL),
(34, 'GABRIELA LORETO', 'SUAREZ', 'DIAZ', 'GABRIELA LORETO SUAREZ DIAZ', '13011641', NULL, NULL, NULL, '', 8, 4, '2019-01-13 17:58:08', '2019-01-13 18:00:46', 1, NULL),
(35, 'LUCAS RODRIGO', 'DIAZ', 'VIDAURRE', 'LUCAS RODRIGO DIAZ VIDAURRE', '26651122', NULL, NULL, NULL, '', 6, 5, '2019-01-13 18:38:45', '2019-01-13 18:40:16', 1, NULL),
(36, 'PEDRO MARIO', 'FURNES', 'SIBULKA', 'PEDRO MARIO FURNES SIBULKA', '9679571', NULL, NULL, NULL, '', 5, 5, '2019-01-14 16:52:24', '2019-01-14 16:54:31', 1, NULL),
(37, 'JHOAN', 'SILVA', 'BERNAL', 'JHOAN SILVA BERNAL', '24674063', NULL, NULL, '3721', '', 22, 5, '2019-01-15 03:39:48', '2019-01-15 03:42:13', 1, NULL),
(38, 'MILLARAY ALEXANRA', 'ARAYA', 'ARZOLA', 'MILLARAY ALEXANRA ARAYA ARZOLA', '21583977', NULL, NULL, NULL, '', 11, 4, '2019-01-16 16:34:00', '2019-01-16 16:49:36', 1, NULL),
(39, 'BAYRON YOVANNI', 'CAMPILLAY', 'OLMOS', 'BAYRON YOVANNI CAMPILLAY OLMOS', '21021719', NULL, NULL, NULL, '', 15, 8, '2019-01-16 18:03:20', '2019-01-16 18:05:11', 1, NULL),
(40, 'JUAN YEPSURY', 'ARAYA', 'RIVERA', 'JUAN YEPSURY ARAYA RIVERA', '15027140', NULL, NULL, NULL, '', 1, 4, '2019-01-16 18:24:35', '2019-01-16 18:25:39', 1, NULL),
(41, 'JEANETTE', 'ROJAS', 'JERALDO', 'JEANETTE ROJAS JERALDO', '10175690', NULL, NULL, NULL, '', NULL, NULL, '2019-01-16 19:41:03', '2019-01-16 19:41:47', NULL, NULL),
(42, 'ANDREA', 'AHUMADA', 'PACHECO', 'ANDREA AHUMADA PACHECO', '12721720', NULL, NULL, NULL, '', NULL, NULL, '2019-01-16 20:37:41', '2019-01-16 20:38:18', NULL, NULL),
(43, 'NICOLE ALEJANDRA', 'BADILLA', 'FUENTES', 'NICOLE ALEJANDRA BADILLA FUENTES', '18294727', NULL, NULL, NULL, '', 8, 2, '2019-01-17 02:39:05', '2019-01-17 02:40:35', 2, NULL),
(44, 'JHOAN BASTIAN', 'SILVA', 'VERNAL', 'JHOAN BASTIAN SILVA VERNAL', '24674063', NULL, NULL, NULL, '', 22, 5, '2019-01-17 02:56:01', '2019-01-17 02:57:18', 1, NULL),
(45, 'PIA NINOSKA', 'OLMOS', 'VARGAS', 'PIA NINOSKA OLMOS VARGAS', '21357765', NULL, NULL, '4520', 'JOHANNY RICARDO PEREIRA UZCATEGUI', 22, 9, '2019-01-18 00:35:45', '2019-01-18 04:08:46', 2, NULL),
(46, 'LORETO FRANCISCA', 'GALLARDO', 'CARMONA', 'LORETO FRANCISCA GALLARDO CARMONA', '15025852', NULL, NULL, NULL, 'DR.SERGIO REYES', 8, 9, '2019-01-18 14:46:51', '2019-01-18 14:49:00', 1, NULL),
(47, 'PAOLA', 'ESCUDERO', 'HERRERA', 'PAOLA ESCUDERO HERRERA', '12283756', NULL, NULL, '4661', '', 4, 9, '2019-01-18 17:29:01', '2019-01-18 17:30:53', 1, NULL),
(48, 'VICENTE', 'DEL SOLAR', 'DA-FORNO', 'VICENTE DEL SOLAR DA-FORNO', '26633628', NULL, NULL, NULL, '', 6, 3, '2019-01-18 18:23:04', '2019-01-18 18:24:26', 1, NULL),
(49, 'DAMARIS PRISCILLA', 'HERMOSILLA', 'HERMOSILLA', 'DAMARIS PRISCILLA HERMOSILLA HERMOSILLA', '15891401', NULL, NULL, NULL, '', 1, 3, '2019-01-19 17:23:40', '2019-01-19 17:24:37', 1, NULL),
(50, 'MARIA CECILIA', 'BARRAZA', 'IZQUIERDO', 'MARIA CECILIA BARRAZA IZQUIERDO', '18827872', NULL, NULL, NULL, '', 8, 4, '2019-01-20 17:48:50', '2019-01-20 17:49:53', 1, NULL),
(51, 'NICOLAS', 'BUSTOS', 'SANTIBAÑEZ', 'NICOLAS BUSTOS SANTIBAÑEZ', '19334238', NULL, NULL, '5194', '', 22, 5, '2019-01-21 03:20:04', '2019-01-21 03:22:06', 1, NULL),
(52, 'ROSA', 'NARRO', 'ALVA', 'ROSA NARRO ALVA', '14681407', NULL, NULL, NULL, '', 21, 4, '2019-01-21 16:32:09', '2019-01-21 16:34:14', 1, NULL),
(53, 'DAMARY RAFAELLA', 'ESTRADA', 'NEGRETE', 'DAMARY RAFAELLA ESTRADA NEGRETE', '15031745', NULL, NULL, NULL, '', 15, 4, '2019-01-21 19:11:05', '2019-01-21 19:16:19', 1, NULL),
(54, 'LUIS', 'DONOSO', 'GALLARDO', 'LUIS DONOSO GALLARDO', '8809649', NULL, NULL, NULL, '', 1, 3, '2019-01-22 16:32:06', '2019-01-22 16:32:50', 1, NULL),
(55, 'ROBINSON EDUARDO', 'RAMOS', 'FLORES', 'ROBINSON EDUARDO RAMOS FLORES', '16450263', NULL, NULL, '118874', '', 21, 4, '2019-01-22 16:37:40', '2019-01-22 16:38:13', 1, NULL),
(56, 'MARGARITA', 'MUÑOZ', 'ARAYA', 'MARGARITA MUÑOZ ARAYA', '15679547', NULL, NULL, NULL, '', 8, 4, '2019-01-22 17:36:08', '2019-01-22 17:37:56', 1, NULL),
(57, 'MARTIN IGNACIO', 'RIVERA', 'SEPULVEDA', 'MARTIN IGNACIO RIVERA SEPULVEDA', '23296435', NULL, NULL, NULL, '', 22, 9, '2019-01-23 03:07:30', '2019-01-23 03:08:29', 1, NULL),
(58, 'JOHN', 'ACUÑA', 'TORRES', 'JOHN ACUÑA TORRES', '26594906', NULL, NULL, NULL, '', 11, 4, '2019-01-23 18:32:40', '2019-01-23 18:33:19', 1, NULL),
(59, 'DANIEL ALEJANDRO', 'RIVERA', 'ALVAREZ', 'DANIEL ALEJANDRO RIVERA ALVAREZ', '16189311', NULL, NULL, '6100', '', 22, 9, '2019-01-24 01:33:37', '2019-01-24 03:01:43', 2, NULL),
(60, 'JACQUELIN YANETT', 'PARRA', 'JELVEZ', 'JACQUELIN YANETT PARRA JELVEZ', '8681569', NULL, NULL, NULL, '', 1, 3, '2019-01-24 18:38:56', '2019-01-24 18:39:15', 1, NULL),
(61, 'VALERIA JACQUELINE', 'VIDAL', 'CASTILLO', 'VALERIA JACQUELINE VIDAL CASTILLO', '18141045', NULL, NULL, NULL, '', 4, 8, '2019-01-24 19:55:09', '2019-01-24 19:56:08', 1, NULL),
(62, 'ALFONSO JAVIER JOAQUIN', 'ALQUINTA', 'VIDAL', 'ALFONSO JAVIER JOAQUIN ALQUINTA VIDAL', '26671395', NULL, NULL, NULL, '', 6, 8, '2019-01-24 20:05:26', '2019-01-24 20:06:25', 1, NULL),
(63, 'MAURO VICENTE', 'ROJAS', 'BADILLO', 'MAURO VICENTE ROJAS BADILLO', '26613311', NULL, NULL, NULL, '', 11, 7, '2019-01-25 11:55:32', '2019-01-25 11:56:21', 1, NULL),
(64, 'BERNARDITA', 'CHUN', 'CHAU', 'BERNARDITA CHUN CHAU', '9813717', NULL, NULL, NULL, '', 1, 5, '2019-01-25 15:37:37', '2019-01-25 15:40:41', 1, NULL),
(65, 'RODOLFO SEGUNDO', 'ANGULO', 'ARAYA', 'RODOLFO SEGUNDO ANGULO ARAYA', '9638691', NULL, NULL, NULL, '', 1, 4, '2019-01-25 23:26:54', '2019-01-25 23:28:20', 1, NULL),
(66, 'ZAIRA ISABELLA', 'BURGOS', 'CAMPAÑA', 'ZAIRA ISABELLA BURGOS CAMPAÑA', '14107666', NULL, NULL, NULL, '', 22, 19, '2019-01-26 01:26:34', '2019-01-26 01:27:55', 2, NULL),
(67, 'CLAUDIO', 'PERALTA', 'GALLEGUILLOS', 'CLAUDIO PERALTA GALLEGUILLOS', '15885399', NULL, NULL, '6685', '', 22, 19, '2019-01-26 11:43:35', '2019-01-26 11:46:29', 1, NULL),
(68, 'VICENTE', 'CUEVAS', 'ALVAREZ', 'VICENTE CUEVAS ALVAREZ', '22832306', NULL, NULL, '6697', '', 22, 8, '2019-01-26 15:19:23', '2019-01-26 15:20:43', 1, NULL),
(69, 'SAVKA', 'PASTENES', 'ZEPEDA', 'SAVKA PASTENES ZEPEDA', '20517307', NULL, NULL, NULL, '', 4, 3, '2019-01-26 18:00:28', '2019-01-26 18:01:39', 1, NULL),
(70, NULL, NULL, NULL, NULL, NULL, NULL, NULL, NULL, '', NULL, NULL, '2019-01-26 20:09:57', '2019-01-26 20:09:57', NULL, NULL),
(71, NULL, NULL, NULL, NULL, NULL, NULL, NULL, NULL, '', NULL, NULL, '2019-01-26 20:09:59', '2019-01-26 20:09:59', NULL, NULL),
(72, 'MIGUEL', 'AVARIA', 'BOLADOS', 'MIGUEL AVARIA BOLADOS', '17773923', NULL, NULL, '6734', '', 22, 6, '2019-01-26 20:09:59', '2019-01-26 20:11:57', 1, NULL),
(73, 'GREISI', 'CABRERA', 'SORIANO', 'GREISI CABRERA SORIANO', '15083562', NULL, NULL, NULL, '', 4, 3, '2019-01-26 20:41:35', '2019-01-26 20:42:59', 1, NULL),
(74, 'RODRIGO', 'AGUIRRE', 'AGUIRRE', 'RODRIGO AGUIRRE AGUIRRE', '14099161', NULL, NULL, NULL, '', 1, 3, '2019-01-26 21:37:26', '2019-01-26 21:38:13', 1, NULL),
(75, 'MYRIAM PATRICIA', 'ANGULO', 'ANGULO', 'MYRIAM PATRICIA ANGULO ANGULO', '25647662', NULL, NULL, NULL, '', 4, 3, '2019-01-27 18:30:42', '2019-01-27 18:32:39', NULL, NULL),
(76, 'ESTEFANI', 'RICO', 'SANCHEZ', 'ESTEFANI RICO SANCHEZ', '25130932', NULL, NULL, NULL, '', 4, 3, '2019-01-27 18:47:55', '2019-01-27 18:48:56', NULL, NULL),
(77, 'JENNY MILAR DE LOURDES', 'FRANCO', 'GUEVARA', 'JENNY MILAR DE LOURDES FRANCO GUEVARA', '15514762', NULL, NULL, NULL, '', 4, 4, '2019-01-27 18:58:16', '2019-01-27 18:59:05', NULL, NULL),
(78, 'CASTILLO', 'VERGARA', 'MARIA FERNANDA', 'CASTILLO VERGARA MARIA FERNANDA', '26190756', NULL, NULL, NULL, '', 4, 4, '2019-01-27 19:17:18', '2019-01-27 19:18:07', 1, NULL),
(79, 'LUIS', 'ORTIZ', 'VILLALOBOS', 'LUIS ORTIZ VILLALOBOS', NULL, 'AU580903', NULL, '7125', '', 22, 19, '2019-01-28 10:41:27', '2019-01-28 10:43:04', 1, NULL),
(80, 'MIRIAM', 'POZO', 'LOPEZ', 'MIRIAM POZO LOPEZ', '10454870', NULL, NULL, '7043', '', 22, 7, '2019-01-28 15:21:54', '2019-01-28 15:24:52', 1, NULL),
(81, 'JANET', 'ARAYA', 'FARIAS', 'JANET ARAYA FARIAS', '10180128', NULL, NULL, NULL, '', 1, 4, '2019-01-28 16:38:39', '2019-01-28 16:39:34', 1, NULL),
(82, 'MARIANELA ANGELICA', 'MORALES', 'PIZARRO', 'MARIANELA ANGELICA MORALES PIZARRO', '15611254', NULL, NULL, NULL, '', 1, 4, '2019-01-29 18:33:38', '2019-01-29 18:34:08', 1, NULL),
(83, 'SIMON', 'FUENTES', 'GALLARDO', 'SIMON FUENTES GALLARDO', '26659058', NULL, NULL, NULL, '', 6, 9, '2019-01-31 16:55:58', '2019-01-31 16:59:08', 2, NULL),
(84, 'SOFIA', 'VILCHES', 'CORREA', 'SOFIA VILCHES CORREA', '20586637', NULL, NULL, '8057', '', 22, 7, '2019-01-31 19:51:39', '2019-01-31 19:52:58', NULL, NULL),
(85, 'PETER  EDGARDO', 'ROJAS', 'VILLAFAÑA', 'PETER  EDGARDO ROJAS VILLAFAÑA', '22939656', NULL, NULL, NULL, '', 11, 3, '2019-02-02 15:29:14', '2019-02-02 15:30:34', 1, NULL),
(86, 'JAMES  MODRIC', 'CHAMBI', 'ROBLES', 'JAMES  MODRIC CHAMBI ROBLES', '26642402', NULL, NULL, NULL, '', 11, 19, '2019-02-02 16:12:00', '2019-02-02 16:13:36', 2, NULL),
(87, 'KATHERINE  YARITZA', 'RIOS', 'GODOY', 'KATHERINE  YARITZA RIOS GODOY', '17493354', NULL, NULL, NULL, '', 4, 4, '2019-02-02 17:29:56', '2019-02-02 17:31:08', 1, NULL),
(88, 'YASSARELLA  GENESIS', 'ALANIS', 'NAVEA', 'YASSARELLA  GENESIS ALANIS NAVEA', '18710521', NULL, NULL, NULL, '', 4, 4, '2019-02-02 17:38:55', '2019-02-02 17:39:39', 1, NULL),
(89, 'MARIA ALEJANDRA', 'ALVAREZ', 'PAREDES', 'MARIA ALEJANDRA ALVAREZ PAREDES', '16733406', NULL, NULL, NULL, '', 4, 3, '2019-02-02 18:00:15', '2019-02-02 18:01:03', 1, NULL),
(90, 'ANA MARIA', 'BALCAZAR', 'MOYA', 'ANA MARIA BALCAZAR MOYA', '13011068', NULL, NULL, NULL, '', 4, 3, '2019-02-02 18:14:59', '2019-02-02 18:15:41', 1, NULL),
(91, 'JOCELYN ANDREA', 'UBILLA', 'SILVA', 'JOCELYN ANDREA UBILLA SILVA', '17773383', NULL, NULL, NULL, '', 4, 4, '2019-02-04 13:18:01', '2019-02-04 13:18:19', 1, NULL),
(92, 'JULIETA MISHIKO', 'FLORES', 'ROJAS', 'JULIETA MISHIKO FLORES ROJAS', '21967230', NULL, NULL, NULL, '', 4, 4, '2019-02-04 16:26:11', '2019-02-04 16:27:04', 1, NULL),
(93, 'OLIVER', 'CORTES', 'RIQUELME', 'OLIVER CORTES RIQUELME', '19148866', NULL, NULL, NULL, '', 5, 4, '2019-02-04 17:40:47', '2019-02-04 17:41:28', 1, NULL),
(94, 'RICARDO ANTONIO', 'CARRIZO', 'DIAZ', 'RICARDO ANTONIO CARRIZO DIAZ', '10517026', NULL, NULL, NULL, '', 10, 3, '2019-02-04 18:59:05', '2019-02-04 18:59:58', 1, NULL),
(95, 'MELIZA ANDREA', 'PERALTA', 'VALDIVIA', 'MELIZA ANDREA PERALTA VALDIVIA', '15995755', NULL, NULL, NULL, 'JAVIER GALVEZ', 12, 9, '2019-02-05 16:02:17', '2019-02-05 16:03:38', 2, NULL),
(96, 'LORENZO ANDALIEN', 'OSORIO', 'CUEVAS', 'LORENZO ANDALIEN OSORIO CUEVAS', '9763846', NULL, NULL, NULL, '', 5, 4, '2019-02-05 17:54:09', '2019-02-05 17:55:02', 1, NULL),
(97, 'JUAN ARTURO', 'CANTILLANA', 'MORENO', 'JUAN ARTURO CANTILLANA MORENO', '13646537', NULL, NULL, '9314', '', 22, 8, '2019-02-05 23:03:37', '2019-02-05 23:05:24', 2, NULL);

-- --------------------------------------------------------

--
-- Estructura de tabla para la tabla `pagares`
--

CREATE TABLE `pagares` (
  `id` int(10) UNSIGNED NOT NULL,
  `numeracion` int(11) DEFAULT NULL,
  `codigo` int(11) NOT NULL,
  `fecha` datetime DEFAULT NULL,
  `paciente_id` int(10) UNSIGNED DEFAULT NULL,
  `deudor_id` int(10) UNSIGNED NOT NULL,
  `codeudor_id` int(10) UNSIGNED DEFAULT NULL,
  `deuda_id` int(10) UNSIGNED NOT NULL,
  `mandato_id` int(10) UNSIGNED DEFAULT NULL,
  `user_id` int(10) UNSIGNED NOT NULL,
  `estado_id` int(10) UNSIGNED NOT NULL,
  `created_at` timestamp NULL DEFAULT NULL,
  `updated_at` timestamp NULL DEFAULT NULL,
  `motivo` varchar(191) COLLATE utf8mb4_unicode_ci NOT NULL
) ENGINE=InnoDB DEFAULT CHARSET=utf8mb4 COLLATE=utf8mb4_unicode_ci;

--
-- Volcado de datos para la tabla `pagares`
--

INSERT INTO `pagares` (`id`, `numeracion`, `codigo`, `fecha`, `paciente_id`, `deudor_id`, `codeudor_id`, `deuda_id`, `mandato_id`, `user_id`, `estado_id`, `created_at`, `updated_at`, `motivo`) VALUES
(1, NULL, 1812001, NULL, 1, 1, 1, 1, NULL, 27, 1, '2018-12-31 12:01:53', '2018-12-31 12:01:53', ''),
(2, NULL, 1812002, NULL, 2, 2, 2, 2, 1, 27, 1, '2018-12-31 12:03:46', '2018-12-31 12:11:10', ''),
(3, NULL, 1812003, NULL, 3, 3, 3, 3, 2, 27, 1, '2018-12-31 13:14:05', '2018-12-31 13:19:28', ''),
(4, 1, 1901001, '2019-01-01 15:37:02', 4, 4, 4, 4, NULL, 22, 3, '2019-01-01 18:26:12', '2019-01-07 14:14:03', 'PACIENTE FONASA A'),
(5, 2, 1901002, '2019-01-01 16:04:10', 5, 5, 5, 5, NULL, 22, 2, '2019-01-01 19:01:01', '2019-01-01 19:04:10', ''),
(6, 3, 1901003, '2019-01-01 18:14:27', 6, 6, 6, 6, NULL, 22, 3, '2019-01-01 21:11:07', '2019-01-07 14:22:03', 'PACIENTE FONASA B'),
(7, 4, 1901004, '2019-01-01 19:34:11', 7, 7, 7, 7, 3, 22, 2, '2019-01-01 22:28:14', '2019-01-01 22:34:11', ''),
(8, 5, 1901005, '2019-01-02 10:58:15', 8, 8, 8, 8, 4, 19, 2, '2019-01-02 13:53:45', '2019-01-02 13:58:15', ''),
(9, 6, 1901006, '2019-01-02 15:06:57', 9, 9, 9, 9, NULL, 19, 2, '2019-01-02 18:03:34', '2019-01-02 18:06:57', ''),
(10, 7, 1901007, '2019-01-03 12:52:08', 10, 10, 10, 10, NULL, 17, 2, '2019-01-03 15:49:39', '2019-01-03 15:52:08', ''),
(11, 8, 1901008, '2019-01-03 16:09:15', 11, 11, 11, 11, 5, 19, 2, '2019-01-03 19:04:37', '2019-01-03 19:09:15', ''),
(12, NULL, 1901009, NULL, 12, 12, 12, 12, NULL, 13, 1, '2019-01-03 19:28:44', '2019-01-03 19:28:44', ''),
(13, 9, 1901010, '2019-01-04 10:52:47', 13, 13, 13, 13, NULL, 13, 2, '2019-01-04 13:47:44', '2019-01-04 13:52:47', ''),
(14, 10, 1901011, '2019-01-04 15:30:41', 14, 14, 14, 14, NULL, 28, 2, '2019-01-04 18:19:16', '2019-01-04 18:30:41', ''),
(15, 11, 1901012, '2019-01-04 15:51:04', 15, 15, 15, 15, 6, 13, 2, '2019-01-04 18:45:18', '2019-01-04 18:51:04', ''),
(16, 12, 1901013, '2019-01-05 11:31:47', 16, 16, 16, 16, NULL, 22, 2, '2019-01-05 14:29:12', '2019-01-05 14:31:47', ''),
(17, 13, 1901014, '2019-01-05 18:30:20', 17, 17, 17, 17, NULL, 22, 2, '2019-01-05 21:28:27', '2019-01-05 21:30:20', ''),
(18, 14, 1901015, '2019-01-06 13:44:19', 18, 18, 18, 18, NULL, 25, 2, '2019-01-06 16:42:05', '2019-01-06 16:44:19', ''),
(19, 15, 1901016, '2019-01-06 15:27:43', 19, 19, 19, 19, NULL, 25, 2, '2019-01-06 18:25:52', '2019-01-06 18:27:43', ''),
(20, 16, 1901017, '2019-01-06 16:28:39', 20, 20, 20, 20, NULL, 25, 2, '2019-01-06 19:27:13', '2019-01-06 19:28:39', ''),
(21, 17, 1901018, '2019-01-08 15:05:49', 21, 21, 21, 21, 7, 13, 2, '2019-01-08 18:01:12', '2019-01-08 18:05:49', ''),
(22, 18, 1901019, '2019-01-08 19:37:10', 22, 22, 22, 22, 8, 21, 2, '2019-01-08 22:31:21', '2019-01-08 22:37:10', ''),
(23, 19, 1901020, '2019-01-09 00:52:37', 23, 23, 23, 23, NULL, 22, 2, '2019-01-09 03:49:47', '2019-01-09 03:52:37', ''),
(24, 20, 1901021, '2019-01-09 11:54:23', 24, 24, 24, 24, 9, 17, 2, '2019-01-09 14:51:58', '2019-01-09 14:54:23', ''),
(25, 21, 1901022, '2019-01-10 10:49:49', 25, 25, 25, 25, 10, 17, 2, '2019-01-10 13:46:10', '2019-01-10 13:49:49', ''),
(26, 22, 1901023, '2019-01-11 14:58:03', 26, 26, 26, 26, NULL, 22, 2, '2019-01-11 17:56:09', '2019-01-11 17:58:03', ''),
(27, 23, 1901024, '2019-01-11 15:13:26', 27, 27, 27, 27, NULL, 22, 2, '2019-01-11 18:11:17', '2019-01-11 18:13:26', ''),
(28, 24, 1901025, '2019-01-12 14:03:38', 28, 28, 28, 28, NULL, 22, 2, '2019-01-12 17:00:56', '2019-01-12 17:03:38', ''),
(29, 25, 1901026, '2019-01-12 14:26:40', 29, 29, 29, 29, NULL, 22, 2, '2019-01-12 17:25:15', '2019-01-12 17:26:40', ''),
(30, 26, 1901027, '2019-01-12 18:41:56', 30, 30, 30, 30, NULL, 22, 2, '2019-01-12 21:40:03', '2019-01-12 21:41:56', ''),
(31, 27, 1901028, '2019-01-13 11:54:20', 31, 31, 31, 31, NULL, 24, 3, '2019-01-13 14:49:27', '2019-01-16 17:56:23', 'PACIENTE FONASA A'),
(32, 28, 1901029, '2019-01-13 13:55:09', 32, 32, 32, 32, NULL, 21, 2, '2019-01-13 16:52:06', '2019-01-13 16:55:09', ''),
(33, 29, 1901030, '2019-01-13 14:29:26', 33, 33, 33, 33, NULL, 21, 2, '2019-01-13 17:12:20', '2019-01-13 17:29:26', ''),
(34, 30, 1901031, '2019-01-13 15:02:07', 34, 34, 34, 34, NULL, 21, 2, '2019-01-13 17:58:09', '2019-01-13 18:02:07', ''),
(35, 31, 1901032, '2019-01-13 15:42:15', 35, 35, 35, 35, 11, 21, 2, '2019-01-13 18:38:45', '2019-01-13 18:42:15', ''),
(36, 32, 1901033, '2019-01-14 13:55:49', 36, 36, 36, 36, 12, 19, 2, '2019-01-14 16:52:24', '2019-01-14 16:55:49', ''),
(37, 33, 1901034, '2019-01-15 00:46:24', 37, 37, 37, 37, 13, 22, 2, '2019-01-15 03:39:48', '2019-01-15 03:46:24', ''),
(38, 34, 1901035, '2019-01-16 13:50:50', 38, 38, 38, 38, 14, 15, 2, '2019-01-16 16:34:00', '2019-01-16 16:50:50', ''),
(39, 35, 1901036, '2019-01-16 15:06:25', 39, 39, 39, 39, 15, 17, 2, '2019-01-16 18:03:20', '2019-01-16 18:06:25', ''),
(40, 36, 1901037, '2019-01-16 15:28:49', 40, 40, 40, 40, 16, 17, 2, '2019-01-16 18:24:35', '2019-01-16 18:28:49', ''),
(41, 37, 1901038, '2019-01-16 16:43:13', 41, 41, 41, 41, 17, 13, 2, '2019-01-16 19:41:03', '2019-01-16 19:43:13', ''),
(42, 38, 1901039, '2019-01-16 17:44:09', 42, 42, 42, 42, 18, 13, 2, '2019-01-16 20:37:42', '2019-01-16 20:44:09', ''),
(43, 39, 1901040, '2019-01-16 23:43:07', 43, 43, 43, 43, NULL, 21, 3, '2019-01-17 02:39:05', '2019-01-18 20:35:06', 'PACIENTE PRESENTE PAD'),
(44, 40, 1901041, '2019-01-16 23:58:43', 44, 44, 44, 44, 19, 21, 2, '2019-01-17 02:56:02', '2019-01-17 02:58:43', ''),
(45, 41, 1901042, '2019-01-18 01:10:35', 45, 45, 45, 45, NULL, 28, 2, '2019-01-18 00:35:46', '2019-01-18 04:10:35', ''),
(46, 42, 1901043, '2019-01-18 11:50:14', 46, 46, 46, 46, 20, 17, 2, '2019-01-18 14:46:52', '2019-01-18 14:50:14', ''),
(47, 43, 1901044, '2019-01-18 14:33:26', 47, 47, 47, 47, 21, 22, 2, '2019-01-18 17:29:01', '2019-01-18 17:33:26', ''),
(48, 44, 1901045, '2019-01-18 15:25:06', 48, 48, 48, 48, NULL, 22, 3, '2019-01-18 18:23:04', '2019-01-22 14:38:22', 'De GES informan que corresponde patología GES'),
(49, 45, 1901046, '2019-01-19 14:25:23', 49, 49, 49, 49, NULL, 21, 3, '2019-01-19 17:23:40', '2019-01-29 17:56:43', 'Presenta certificado tramo A de fecha 28-01-2019'),
(50, 46, 1901047, '2019-01-20 14:50:55', 50, 50, 50, 50, NULL, 21, 2, '2019-01-20 17:48:50', '2019-01-20 17:50:55', ''),
(51, 47, 1901048, '2019-01-21 00:23:51', 51, 51, 51, 51, 22, 22, 3, '2019-01-21 03:20:04', '2019-01-22 15:08:08', 'Cancela como Fonasa D en Urgencia'),
(52, 48, 1901049, '2019-01-21 13:35:16', 52, 52, 52, 52, NULL, 17, 2, '2019-01-21 16:32:10', '2019-01-21 16:35:16', ''),
(53, 49, 1901050, '2019-01-21 16:17:05', 53, 53, 53, 53, 23, 17, 3, '2019-01-21 19:11:06', '2019-01-22 16:07:12', 'PACIENTE PRESENTA SEGURO SOAP'),
(54, 50, 1901051, '2019-01-22 13:41:13', 54, 54, 54, 54, 24, 13, 2, '2019-01-22 16:32:06', '2019-01-22 16:41:13', ''),
(55, 51, 1901052, '2019-01-22 13:46:44', 55, 55, 55, 55, 25, 15, 2, '2019-01-22 16:37:40', '2019-01-22 16:46:44', ''),
(56, 52, 1901053, '2019-01-22 14:39:18', 56, 56, 56, 56, 26, 18, 2, '2019-01-22 17:36:08', '2019-01-22 17:39:18', ''),
(57, 53, 1901054, '2019-01-23 00:10:09', 57, 57, 57, 57, 27, 21, 3, '2019-01-23 03:07:30', '2019-01-28 11:56:34', 'Se anula por carta de respaldo convenio Finning'),
(58, 54, 1901055, '2019-01-23 15:36:25', 58, 58, 58, 58, 28, 15, 2, '2019-01-23 18:32:40', '2019-01-23 18:36:25', ''),
(59, 55, 1901056, '2019-01-24 00:02:11', 59, 59, 59, 59, NULL, 21, 3, '2019-01-24 01:33:38', '2019-01-28 11:57:28', 'Carta de respaldo por convenio Finning'),
(60, 56, 1901057, '2019-01-24 15:52:44', 60, 60, 60, 60, 29, 15, 2, '2019-01-24 18:38:57', '2019-01-24 18:52:44', ''),
(61, 57, 1901058, '2019-01-24 17:00:21', 61, 61, 61, 61, 30, 15, 2, '2019-01-24 19:55:09', '2019-01-24 20:00:21', ''),
(62, 58, 1901059, '2019-01-24 17:08:03', 62, 62, 62, 62, 31, 15, 2, '2019-01-24 20:05:26', '2019-01-24 20:08:03', ''),
(63, 59, 1901060, '2019-01-25 08:57:17', 63, 63, 63, 63, 32, 15, 2, '2019-01-25 11:55:32', '2019-01-25 11:57:17', ''),
(64, 60, 1901061, '2019-01-25 12:42:16', 64, 64, 64, 64, 33, 13, 2, '2019-01-25 15:37:37', '2019-01-25 15:42:16', ''),
(65, 61, 1901062, '2019-01-25 20:29:25', 65, 65, 65, 65, NULL, 25, 2, '2019-01-25 23:26:54', '2019-01-25 23:29:25', ''),
(66, 62, 1901063, '2019-01-25 22:28:04', 66, 66, 66, 66, NULL, 25, 2, '2019-01-26 01:26:34', '2019-01-26 01:28:04', ''),
(67, 63, 1901064, '2019-01-26 08:46:38', 67, 67, 67, 67, NULL, 22, 2, '2019-01-26 11:43:35', '2019-01-26 11:46:38', ''),
(68, 64, 1901065, '2019-01-26 12:21:56', 68, 68, 68, 68, 34, 22, 2, '2019-01-26 15:19:23', '2019-01-26 15:21:56', ''),
(69, 65, 1901066, '2019-01-26 15:02:03', 69, 69, 69, 69, NULL, 22, 2, '2019-01-26 18:00:28', '2019-01-26 18:02:03', ''),
(70, NULL, 1901067, NULL, 70, 70, 70, 70, NULL, 22, 1, '2019-01-26 20:09:57', '2019-01-26 20:09:57', ''),
(71, NULL, 1901068, NULL, 71, 71, 71, 71, NULL, 22, 1, '2019-01-26 20:09:59', '2019-01-26 20:09:59', ''),
(72, 66, 1901069, '2019-01-26 17:13:33', 72, 72, 72, 72, 35, 22, 2, '2019-01-26 20:09:59', '2019-01-26 20:13:33', ''),
(73, 67, 1901070, '2019-01-26 17:43:04', 73, 73, 73, 73, NULL, 22, 2, '2019-01-26 20:41:35', '2019-01-26 20:43:04', ''),
(74, 68, 1901071, '2019-01-26 18:38:48', 74, 74, 74, 74, NULL, 22, 2, '2019-01-26 21:37:27', '2019-01-26 21:38:48', ''),
(75, 69, 1901072, '2019-01-27 15:33:04', 75, 75, 75, 75, NULL, 23, 2, '2019-01-27 18:30:42', '2019-01-27 18:33:04', ''),
(76, 70, 1901073, '2019-01-27 15:49:14', 76, 76, 76, 76, NULL, 23, 2, '2019-01-27 18:47:55', '2019-01-27 18:49:14', ''),
(77, 71, 1901074, '2019-01-27 15:59:36', 77, 77, 77, 77, NULL, 23, 2, '2019-01-27 18:58:16', '2019-01-27 18:59:36', ''),
(78, 72, 1901075, '2019-01-27 16:18:26', 78, 78, 78, 78, NULL, 23, 2, '2019-01-27 19:17:19', '2019-01-27 19:18:26', ''),
(79, 73, 1901076, '2019-01-28 07:43:41', 79, 79, 79, 79, NULL, 22, 3, '2019-01-28 10:41:27', '2019-01-29 17:57:47', 'Presenta certificado tramo B de fecha 28-01-2019'),
(80, 74, 1901077, '2019-01-28 12:25:24', 80, 80, 80, 80, 36, 18, 2, '2019-01-28 15:21:54', '2019-01-28 15:25:24', ''),
(81, 75, 1901078, '2019-01-28 13:46:31', 81, 81, 81, 81, 37, 13, 2, '2019-01-28 16:38:39', '2019-01-28 16:46:31', ''),
(82, 76, 1901079, '2019-01-29 15:37:17', 82, 82, 82, 82, 38, 15, 2, '2019-01-29 18:33:39', '2019-01-29 18:37:17', ''),
(83, 77, 1901080, '2019-01-31 14:00:37', 83, 83, 83, 83, 39, 13, 2, '2019-01-31 16:55:58', '2019-01-31 17:00:37', ''),
(84, 78, 1901081, '2019-01-31 16:54:17', 84, 84, 84, 84, 40, 22, 2, '2019-01-31 19:51:39', '2019-01-31 19:54:17', ''),
(85, 79, 1902001, '2019-02-02 12:31:58', 85, 85, 85, 85, NULL, 23, 2, '2019-02-02 15:29:14', '2019-02-02 15:31:58', ''),
(86, 80, 1902002, '2019-02-02 13:13:51', 86, 86, 86, 86, NULL, 23, 2, '2019-02-02 16:12:00', '2019-02-02 16:13:51', ''),
(87, 81, 1902003, '2019-02-02 14:31:43', 87, 87, 87, 87, NULL, 23, 2, '2019-02-02 17:29:56', '2019-02-02 17:31:43', ''),
(88, 82, 1902004, '2019-02-02 14:40:16', 88, 88, 88, 88, NULL, 23, 2, '2019-02-02 17:38:55', '2019-02-02 17:40:16', ''),
(89, 83, 1902005, '2019-02-02 15:02:05', 89, 89, 89, 89, NULL, 23, 2, '2019-02-02 18:00:15', '2019-02-02 18:02:05', ''),
(90, 84, 1902006, '2019-02-02 15:16:16', 90, 90, 90, 90, NULL, 23, 2, '2019-02-02 18:14:59', '2019-02-02 18:16:16', ''),
(91, 85, 1902007, '2019-02-04 10:21:18', 91, 91, 91, 91, 41, 15, 2, '2019-02-04 13:18:01', '2019-02-04 13:21:18', ''),
(92, 86, 1902008, '2019-02-04 13:28:53', 92, 92, 92, 92, 42, 15, 2, '2019-02-04 16:26:11', '2019-02-04 16:28:53', ''),
(93, 87, 1902009, '2019-02-04 14:42:53', 93, 93, 93, 93, 43, 15, 2, '2019-02-04 17:40:47', '2019-02-04 17:42:53', ''),
(94, 88, 1902010, '2019-02-04 16:02:29', 94, 94, 94, 94, 44, 17, 2, '2019-02-04 18:59:05', '2019-02-04 19:02:29', ''),
(95, 89, 1902011, '2019-02-05 13:04:31', 95, 95, 95, 95, 45, 17, 2, '2019-02-05 16:02:18', '2019-02-05 16:04:31', ''),
(96, 90, 1902012, '2019-02-05 14:57:28', 96, 96, 96, 96, 46, 17, 2, '2019-02-05 17:54:09', '2019-02-05 17:57:28', ''),
(97, 91, 1902013, '2019-02-05 20:06:10', 97, 97, 97, 97, 47, 25, 2, '2019-02-05 23:03:38', '2019-02-05 23:06:10', '');

-- --------------------------------------------------------

--
-- Estructura de tabla para la tabla `password_resets`
--

CREATE TABLE `password_resets` (
  `email` varchar(191) COLLATE utf8mb4_unicode_ci NOT NULL,
  `token` varchar(191) COLLATE utf8mb4_unicode_ci NOT NULL,
  `created_at` timestamp NULL DEFAULT NULL
) ENGINE=InnoDB DEFAULT CHARSET=utf8mb4 COLLATE=utf8mb4_unicode_ci;

-- --------------------------------------------------------

--
-- Estructura de tabla para la tabla `prestaciones`
--

CREATE TABLE `prestaciones` (
  `id` int(10) UNSIGNED NOT NULL,
  `prestacion` varchar(200) COLLATE utf8mb4_unicode_ci NOT NULL,
  `pagare_id` int(10) UNSIGNED NOT NULL,
  `user_id` int(10) UNSIGNED NOT NULL,
  `created_at` timestamp NULL DEFAULT NULL,
  `updated_at` timestamp NULL DEFAULT NULL
) ENGINE=InnoDB DEFAULT CHARSET=utf8mb4 COLLATE=utf8mb4_unicode_ci;

-- --------------------------------------------------------

--
-- Estructura de tabla para la tabla `previsiones`
--

CREATE TABLE `previsiones` (
  `id` int(10) UNSIGNED NOT NULL,
  `nombre` varchar(191) COLLATE utf8mb4_unicode_ci NOT NULL,
  `activo` tinyint(1) NOT NULL DEFAULT '1',
  `created_at` timestamp NULL DEFAULT NULL,
  `updated_at` timestamp NULL DEFAULT NULL
) ENGINE=InnoDB DEFAULT CHARSET=utf8mb4 COLLATE=utf8mb4_unicode_ci;

--
-- Volcado de datos para la tabla `previsiones`
--

INSERT INTO `previsiones` (`id`, `nombre`, `activo`, `created_at`, `updated_at`) VALUES
(1, 'FONASA A', 1, '2018-10-02 19:32:31', '2018-10-02 19:32:31'),
(2, 'FONASA B', 1, '2018-10-02 19:32:31', '2018-10-02 19:32:31'),
(3, 'FONASA C', 1, '2018-10-02 19:32:31', '2018-10-02 19:32:31'),
(4, 'FONASA D', 1, '2018-10-02 19:32:31', '2018-10-02 19:32:31'),
(5, 'ISAPRE CRUZ BLANCA', 1, '2018-10-02 19:32:31', '2018-10-02 19:32:31'),
(6, 'ISAPRE NUEVA MAS VIDA', 1, '2018-10-02 19:32:31', '2018-10-02 19:32:31'),
(7, 'ISAPRE BANMEDICA', 1, '2018-10-02 19:32:31', '2018-10-02 19:32:31'),
(8, 'ISAPRE CONSALUD', 1, '2018-10-02 19:32:31', '2018-10-02 19:32:31'),
(9, 'ISAPRE COLMENA', 1, '2018-10-02 19:32:31', '2018-10-02 19:32:31'),
(10, 'ISAPRE VIDA TRES', 1, '2018-10-02 19:32:31', '2018-10-02 19:32:31'),
(11, 'ISAPRE FUNDACION', 1, '2018-10-02 19:32:31', '2018-10-02 19:32:31'),
(12, 'ISAPRE RIO BLANCO', 1, '2018-10-02 19:32:31', '2018-10-02 19:32:31'),
(13, 'ISAPRE FUSAT', 1, '2018-10-02 19:32:31', '2018-10-02 19:32:31'),
(14, 'ISAPRE FERRO SALUD', 1, '2018-10-02 19:32:31', '2018-10-02 19:32:31'),
(15, 'ISAPRE SAN LORENZO', 1, '2018-10-02 19:32:31', '2018-10-02 19:32:31'),
(16, 'ALMIRANTE NEFF', 1, '2018-10-02 19:32:31', '2018-12-26 19:58:04'),
(17, 'DIPRECA', 1, '2018-10-02 19:32:31', '2018-10-02 19:32:31'),
(18, 'CAPREDENA', 1, '2018-10-02 19:32:32', '2018-10-02 19:32:32'),
(19, 'SIN PREVISION', 1, '2018-10-02 19:32:32', '2018-10-02 19:32:32'),
(20, 'OTRA', 1, '2018-10-02 19:32:32', '2018-10-02 19:32:32'),
(21, 'MODALIDAD INSIITUCIONAL', 0, '2018-10-02 19:32:32', '2018-10-02 19:32:32'),
(22, 'MODALIDAD LIBRE ELECCION', 0, '2018-10-02 19:32:32', '2018-10-02 19:32:32');

-- --------------------------------------------------------

--
-- Estructura de tabla para la tabla `roles`
--

CREATE TABLE `roles` (
  `id` int(10) UNSIGNED NOT NULL,
  `rol` varchar(191) COLLATE utf8mb4_unicode_ci NOT NULL,
  `created_at` timestamp NULL DEFAULT NULL,
  `updated_at` timestamp NULL DEFAULT NULL
) ENGINE=InnoDB DEFAULT CHARSET=utf8mb4 COLLATE=utf8mb4_unicode_ci;

--
-- Volcado de datos para la tabla `roles`
--

INSERT INTO `roles` (`id`, `rol`, `created_at`, `updated_at`) VALUES
(1, 'Administrador', '2018-10-02 19:32:30', '2018-10-02 19:32:30'),
(2, 'Digitador', '2018-10-02 19:32:30', '2018-10-02 19:32:30'),
(3, 'Supervisor', '2018-10-02 19:32:30', '2018-10-02 19:32:30');

-- --------------------------------------------------------

--
-- Estructura de tabla para la tabla `servicios`
--

CREATE TABLE `servicios` (
  `id` int(10) UNSIGNED NOT NULL,
  `nombre` varchar(191) COLLATE utf8mb4_unicode_ci NOT NULL,
  `activo` tinyint(1) NOT NULL DEFAULT '1',
  `created_at` timestamp NULL DEFAULT NULL,
  `updated_at` timestamp NULL DEFAULT NULL
) ENGINE=InnoDB DEFAULT CHARSET=utf8mb4 COLLATE=utf8mb4_unicode_ci;

--
-- Volcado de datos para la tabla `servicios`
--

INSERT INTO `servicios` (`id`, `nombre`, `activo`, `created_at`, `updated_at`) VALUES
(1, 'CIRUGIA', 1, '2018-10-02 19:32:30', '2018-10-02 19:32:30'),
(2, 'CIRUGIA MAXILO FACIAL', 1, '2018-10-02 19:32:30', '2018-10-02 19:32:30'),
(3, 'DENTAL', 1, '2018-10-02 19:32:30', '2018-10-02 19:32:30'),
(4, 'GINECOLOGIA', 1, '2018-10-02 19:32:30', '2018-10-02 19:32:30'),
(5, 'MEDICINA', 1, '2018-10-02 19:32:30', '2018-10-02 19:32:30'),
(6, 'NEONATOLOGIA', 1, '2018-10-02 19:32:30', '2018-10-02 19:32:30'),
(7, 'NEUROCIRUGIA', 1, '2018-10-02 19:32:30', '2018-10-02 19:32:30'),
(8, 'OBSTETRICIA', 1, '2018-10-02 19:32:30', '2018-10-02 19:32:30'),
(9, 'OFTALMOLOGIA', 1, '2018-10-02 19:32:30', '2018-10-02 19:32:30'),
(10, 'OTORRINOLARINGOLOGIA', 1, '2018-10-02 19:32:30', '2018-10-02 19:32:30'),
(11, 'PEDIATRIA', 1, '2018-10-02 19:32:30', '2018-10-02 19:32:30'),
(12, 'PENSIONADO', 1, '2018-10-02 19:32:30', '2018-10-02 19:32:30'),
(13, 'PSIQUIATRIA ADULTO', 1, '2018-10-02 19:32:30', '2018-10-02 19:32:30'),
(14, 'PSIQUIATRIA INFANTIL', 1, '2018-10-02 19:32:30', '2018-10-02 19:32:30'),
(15, 'TRAUMATOLOGIA', 1, '2018-10-02 19:32:30', '2018-10-02 19:32:30'),
(16, 'UNIDAD DE CUIDADO ESPECIALES (UCE)', 1, '2018-10-02 19:32:30', '2018-10-02 19:32:30'),
(17, 'UNIDAD DE CUIDADO INTENSIVO (UCI)', 1, '2018-10-02 19:32:31', '2018-10-02 19:32:31'),
(18, 'UNIDAD DE TRATAMIENTO INTERMEDIO (UTI)', 1, '2018-10-02 19:32:31', '2018-10-02 19:32:31'),
(19, 'UNIDAD DE CUIDADO PREFERENCIALES PEDIATRICOS (UCPP)', 1, '2018-10-02 19:32:31', '2018-10-02 19:32:31'),
(20, 'UNIDAD DE TRATAMIENTO INTERMEDIO NEONATOLOGIA', 1, '2018-10-02 19:32:31', '2018-10-02 19:32:31'),
(21, 'UROLOGIA', 1, '2018-10-02 19:32:31', '2018-10-02 19:32:31'),
(22, 'URGENCIA', 1, '2018-10-02 19:32:31', '2018-10-02 19:32:31'),
(23, 'INMUNOLOGIA', 1, '2018-10-02 19:32:31', '2018-10-02 19:32:31'),
(24, 'SALUD MENTAL', 1, '2018-10-02 19:32:31', '2018-10-02 19:32:31'),
(25, 'DERMATOLOGIA', 1, '2018-10-02 19:32:31', '2018-10-02 19:32:31');

-- --------------------------------------------------------

--
-- Estructura de tabla para la tabla `users`
--

CREATE TABLE `users` (
  `id` int(10) UNSIGNED NOT NULL,
  `nombre` varchar(191) COLLATE utf8mb4_unicode_ci NOT NULL,
  `paterno` varchar(191) COLLATE utf8mb4_unicode_ci NOT NULL,
  `materno` varchar(191) COLLATE utf8mb4_unicode_ci DEFAULT NULL,
  `full_nombre` varchar(191) COLLATE utf8mb4_unicode_ci NOT NULL,
  `rut` varchar(191) COLLATE utf8mb4_unicode_ci NOT NULL,
  `username` varchar(191) COLLATE utf8mb4_unicode_ci NOT NULL,
  `password` varchar(191) COLLATE utf8mb4_unicode_ci NOT NULL,
  `activo` tinyint(1) NOT NULL DEFAULT '1',
  `rol_id` int(10) UNSIGNED NOT NULL,
  `remember_token` varchar(100) COLLATE utf8mb4_unicode_ci DEFAULT NULL,
  `created_at` timestamp NULL DEFAULT NULL,
  `updated_at` timestamp NULL DEFAULT NULL
) ENGINE=InnoDB DEFAULT CHARSET=utf8mb4 COLLATE=utf8mb4_unicode_ci;

--
-- Volcado de datos para la tabla `users`
--

INSERT INTO `users` (`id`, `nombre`, `paterno`, `materno`, `full_nombre`, `rut`, `username`, `password`, `activo`, `rol_id`, `remember_token`, `created_at`, `updated_at`) VALUES
(8, 'MARCELO', 'ESQUIVEL', 'TAPIA', 'MARCELO ESQUIVEL TAPIA', '16189578', 'admin', '$2y$10$e98J0LMjoOsa6hSGCqqsXOh4fLwsLHXGx8ztfVl.Nzgxj0apxVITe', 1, 1, 'AMKqzFCZ7B87mKRB3DppgkEtA7Aa5xea0PYhq5DF0U9Hf7fowYwNUjCrxmen', '2018-10-02 22:32:30', '2018-10-02 22:32:30'),
(11, 'ERICK', 'ZAMORA', 'OYARCE', 'ERICK ZAMORA OYARCE', '16552041', 'digitador', '$2y$10$YhcMKjQ7ubTDevvnM7Dsy.P8QiKNN2gi3YkrVXXAuo144Wdsdsxna', 1, 2, '5ugyuH44avyPP8PxOjNiZKEyRuEHvWQuBuY72SKYQQfZqNGLmEAATjby3pTv', '2018-12-03 17:22:02', '2018-12-03 17:22:19'),
(12, 'MARIA', 'ALVAREZ', 'ALVAREZ', 'MARIA ALVAREZ ALVAREZ', '9958504', 'malvarez', '$2y$10$WSQ9PwEEp4q1UtODXdG1WO.Ec3tc3P2jprET9j33kmD7TpauLnPde', 1, 1, 'iGUCcxpdcaO6Dg2Km3AKcC64ddSfGta3hDYoHvrm4iu2ND7SOcgTUjKttbbP', '2018-12-03 17:40:08', '2018-12-03 17:40:08'),
(13, 'NADIA', 'ESCOBAR', 'PEREZ', 'NADIA ESCOBAR PEREZ', '13222839', '132228396', '$2y$10$geJKWxDWCXK2PljQQnA4mevLHFAKVoTKtt32rGc40sF9SknmBItAa', 1, 2, 'SoQDqBHZfN6HIXuNsyN3YqE1SxaUTEL6OMSKhf5vyfSVcebpcJkMM3G6pFld', '2018-12-26 19:50:15', '2018-12-26 19:50:15'),
(14, 'ANDREA', 'PIZARRO', 'LOPEZ', 'ANDREA PIZARRO LOPEZ', '13873926', '138739260', '$2y$10$25qlTxQzI6n6VEd20u7QteZ10DH9ea7yjKce1x1OLmPgeFgs7T/N6', 1, 2, 'AmoNqzRSCecQnN7qf0DZKy9XRDbOPrt5XLSMgnmQtAVB6ofYe413xT1rzcOa', '2018-12-26 19:51:00', '2018-12-26 19:51:00'),
(15, 'XIMENA', 'SEPULVEDA', 'VILLEGAS', 'XIMENA SEPULVEDA VILLEGAS', '18940785', '189407858', '$2y$10$K4ahPGWfqDW3XWYEWsIOtey9fAusmvP9nA0j1/kAXDei4RaH7jcy.', 1, 2, NULL, '2018-12-26 19:52:01', '2018-12-26 19:52:01'),
(16, 'PAULETTE', 'MADRID', 'MADRID', 'PAULETTE MADRID MADRID', '15610535', '15610353K', '$2y$10$8GpM5DRhvZG.tbPfheGHN.YVr.mfRnkA9rQD93jDMjiZ8MlHDXEUe', 1, 2, NULL, '2018-12-26 19:52:56', '2018-12-26 19:52:56'),
(17, 'PATRICIA', 'ARAYA', 'FUENTES', 'PATRICIA ARAYA FUENTES', '10223922', '102239229', '$2y$10$fck3jrhcBs.AfptM/z7T1.9n9oFDGOMwNNwWX4OSocZV2ITgr9xHq', 1, 2, NULL, '2018-12-26 19:53:42', '2018-12-26 19:53:42'),
(18, 'PAULA', 'ARAYA', 'ALVAREZ', 'PAULA ARAYA ALVAREZ', '13744947', '137449471', '$2y$10$0mvA5iXfNreHyrj54Y8v8OPDsuInXknoAw4Jh4Ve0O/m9JzInnHMe', 1, 3, 'ezBuzzefHnGNPgSNipkiwOHmf0Ltidvo3ezskCVyDGUKQ7sZXwkU7EN44Mv4', '2018-12-26 19:54:44', '2019-01-25 18:52:59'),
(19, 'SANDRA', 'VEGA', 'DIAZ', 'SANDRA VEGA DIAZ', '13422362', '134223626', '$2y$10$yBumyOPJ2f1hegqnrLFGkOSpRhl8ZGu0cCH/jsZzP2WRLeheSFlu6', 1, 3, 'lBlmGkNvpDY5uxtqOGG0xMzIDYK6VuHIMSaSwI61DOZ2WEi4vJhEYfzm1Bxk', '2018-12-26 19:55:23', '2018-12-26 19:55:23'),
(20, 'JOSHE', 'RAMIREZ', 'FLORES', 'JOSHE RAMIREZ FLORES', '15971802', '159718026', '$2y$10$SiLi7KPysrImGH9PRdxyY.7BswzRzRaZ/nSLxIrA57oOsSU2/6Psy', 1, 3, 'MtyrsI5rSiCi6OrBjL7uEvhU6sCDvTWHMM0ZYbCOMvfZUfFe2gaQG6vnwFL5', '2018-12-26 19:56:00', '2018-12-26 19:56:00'),
(21, 'ROXANA', 'LOYOLA', 'CARBAJAL', 'ROXANA LOYOLA CARBAJAL', '14115686', '141156861', '$2y$10$uymsdhMmvE4Ycad2wXNubeacDbgo26ohuJpR3bBIxOqu1M7GpymAC', 1, 2, 'RXRX48onGWsavcQvMCpDSLJzPecBMBUiINz0FmNa8CsSzwFTaLGNw0IwkN11', '2018-12-28 12:57:17', '2018-12-28 12:57:17'),
(22, 'RAUL', 'LOPEZ', 'CAMPUSANO', 'RAUL LOPEZ CAMPUSANO', '9083321', '90833219', '$2y$10$MkJMMij4zHqcb00bnsZyXOr/5VHNG4as9lkDnfQmRManGH9767smG', 1, 2, '82nBdyAaBEGR6gzXaxyDuK7hEYbi1OcSiCKehcY1VG9AVDEZNh9875hvQISK', '2018-12-28 12:58:02', '2018-12-28 12:58:02'),
(23, 'ERNESTO', 'VASQUEZ', 'BARRIONUEVO', 'ERNESTO VASQUEZ BARRIONUEVO', '9714925', '97149259', '$2y$10$ph4yphToa.2OwWvDH.oD6.JvO82s2Sfewy6IJMY5j/ZJxGGshKkqm', 1, 2, 'j44RnjieRMuwfeeZH2aSaNd0rYhJCDknp6p5GiwEDIPV4bwrluHan6A8ShSK', '2018-12-28 13:01:09', '2018-12-28 13:01:09'),
(24, 'MIRZA', 'TRASLAVIÑA', 'QUIÑONES', 'MIRZA TRASLAVIÑA QUIÑONES', '8057374', '8057374k', '$2y$10$VlN9/DAR0gGicQvj/Fyyj.qhIOC0DfGKfKhFtPnfJtGV0HxSBRaJS', 1, 2, 'lx9T2QVDxp18ZH7Xi8kr2GV9ZM3KwJkPDmnreNwQPLASlsrK2dG4Ql7frveY', '2018-12-28 13:01:49', '2018-12-28 13:01:49'),
(25, 'JULIO', 'PAEZ', 'HEREDIA', 'JULIO PAEZ HEREDIA', '10481473', '104814735', '$2y$10$Soi3E1Mi/5QmJRw7g09Blu5clYx06eIVu5qWGGC1n0IwTmoQvmBpq', 1, 2, 'NWZen219FTKKYDkZftlUUPpNHf5vpDEAMu9sQoibYx1Pr1xEe9Lgy3uNGDGm', '2018-12-28 13:02:23', '2018-12-28 13:02:23'),
(26, 'CLAUDIA', 'ARAYA', 'FUENTES', 'CLAUDIA ARAYA FUENTES', '15030197', '150301971', '$2y$10$.OJaceYJ9eEjN89EXfQJC.TBcLb.sSKzHYqjeMkSnlmKfa1r2DAuy', 1, 2, NULL, '2018-12-28 13:03:01', '2018-12-28 13:03:01'),
(27, 'KARINA', 'CASTILLO', 'RIVERA', 'KARINA CASTILLO RIVERA', '12171772', '121717727', '$2y$10$EZwphGq6V1B6am2eCObPW.4Y5fv0d6e8BiN29CEZQs5MkrY7pwGvS', 1, 2, 'DeOufBT6SCBbzUiYocgKNb0EaFU8wCunakvJQpM5S4IR0n5NEwFAo4MWP9Au', '2018-12-28 13:03:38', '2018-12-28 13:03:38'),
(28, 'CATHERINA', 'MAULEN', 'ARAYA', 'CATHERINA MAULEN ARAYA', '13221517', '132215170', '$2y$10$U30/LuO40xeCSKFdEVi/7uAa/uRNdrVcX17Ixa4XuAw09yx.TkV/y', 1, 2, 'za9Minl0Scc6M9zVE1wHM1sSXVbORht0C2cyLb5xVYtczH5MbNAoO7boquTM', '2018-12-28 14:29:50', '2018-12-28 14:29:50');

--
-- Índices para tablas volcadas
--

--
-- Indices de la tabla `codeudores`
--
ALTER TABLE `codeudores`
  ADD PRIMARY KEY (`id`),
  ADD KEY `codeudores_direccion_id_foreign` (`direccion_id`);

--
-- Indices de la tabla `cuotas`
--
ALTER TABLE `cuotas`
  ADD PRIMARY KEY (`id`),
  ADD KEY `cuotas_deuda_id_foreign` (`deuda_id`);

--
-- Indices de la tabla `deudas`
--
ALTER TABLE `deudas`
  ADD PRIMARY KEY (`id`);

--
-- Indices de la tabla `deudores`
--
ALTER TABLE `deudores`
  ADD PRIMARY KEY (`id`),
  ADD KEY `deudores_direccion_id_foreign` (`direccion_id`);

--
-- Indices de la tabla `direcciones`
--
ALTER TABLE `direcciones`
  ADD PRIMARY KEY (`id`);

--
-- Indices de la tabla `estados`
--
ALTER TABLE `estados`
  ADD PRIMARY KEY (`id`);

--
-- Indices de la tabla `logs`
--
ALTER TABLE `logs`
  ADD PRIMARY KEY (`id`);

--
-- Indices de la tabla `mandatos`
--
ALTER TABLE `mandatos`
  ADD PRIMARY KEY (`id`);

--
-- Indices de la tabla `migrations`
--
ALTER TABLE `migrations`
  ADD PRIMARY KEY (`id`);

--
-- Indices de la tabla `modalidad`
--
ALTER TABLE `modalidad`
  ADD PRIMARY KEY (`id`),
  ADD UNIQUE KEY `modalidad_nombre_unique` (`nombre`);

--
-- Indices de la tabla `observaciones`
--
ALTER TABLE `observaciones`
  ADD PRIMARY KEY (`id`),
  ADD KEY `observaciones_pagare_id_foreign` (`pagare_id`),
  ADD KEY `observaciones_user_id_foreign` (`user_id`);

--
-- Indices de la tabla `pacientes`
--
ALTER TABLE `pacientes`
  ADD PRIMARY KEY (`id`),
  ADD KEY `pacientes_servicio_id_foreign` (`servicio_id`),
  ADD KEY `pacientes_prevision_id_foreign` (`prevision_id`),
  ADD KEY `pacientes_modalidad_id_foreign` (`modalidad_id`);

--
-- Indices de la tabla `pagares`
--
ALTER TABLE `pagares`
  ADD PRIMARY KEY (`id`),
  ADD KEY `pagares_paciente_id_foreign` (`paciente_id`),
  ADD KEY `pagares_deudor_id_foreign` (`deudor_id`),
  ADD KEY `pagares_codeudor_id_foreign` (`codeudor_id`),
  ADD KEY `pagares_deuda_id_foreign` (`deuda_id`),
  ADD KEY `pagares_mandato_id_foreign` (`mandato_id`),
  ADD KEY `pagares_user_id_foreign` (`user_id`),
  ADD KEY `pagares_estado_id_foreign` (`estado_id`);

--
-- Indices de la tabla `password_resets`
--
ALTER TABLE `password_resets`
  ADD KEY `password_resets_email_index` (`email`);

--
-- Indices de la tabla `prestaciones`
--
ALTER TABLE `prestaciones`
  ADD PRIMARY KEY (`id`),
  ADD KEY `prestaciones_pagare_id_foreign` (`pagare_id`),
  ADD KEY `prestaciones_user_id_foreign` (`user_id`);

--
-- Indices de la tabla `previsiones`
--
ALTER TABLE `previsiones`
  ADD PRIMARY KEY (`id`),
  ADD UNIQUE KEY `previsiones_nombre_unique` (`nombre`);

--
-- Indices de la tabla `roles`
--
ALTER TABLE `roles`
  ADD PRIMARY KEY (`id`);

--
-- Indices de la tabla `servicios`
--
ALTER TABLE `servicios`
  ADD PRIMARY KEY (`id`),
  ADD UNIQUE KEY `servicios_nombre_unique` (`nombre`);

--
-- Indices de la tabla `users`
--
ALTER TABLE `users`
  ADD PRIMARY KEY (`id`),
  ADD UNIQUE KEY `users_rut_unique` (`rut`),
  ADD UNIQUE KEY `users_username_unique` (`username`),
  ADD KEY `users_rol_id_foreign` (`rol_id`);

--
-- AUTO_INCREMENT de las tablas volcadas
--

--
-- AUTO_INCREMENT de la tabla `codeudores`
--
ALTER TABLE `codeudores`
  MODIFY `id` int(10) UNSIGNED NOT NULL AUTO_INCREMENT, AUTO_INCREMENT=98;

--
-- AUTO_INCREMENT de la tabla `cuotas`
--
ALTER TABLE `cuotas`
  MODIFY `id` int(10) UNSIGNED NOT NULL AUTO_INCREMENT, AUTO_INCREMENT=23;

--
-- AUTO_INCREMENT de la tabla `deudas`
--
ALTER TABLE `deudas`
  MODIFY `id` int(10) UNSIGNED NOT NULL AUTO_INCREMENT, AUTO_INCREMENT=98;

--
-- AUTO_INCREMENT de la tabla `deudores`
--
ALTER TABLE `deudores`
  MODIFY `id` int(10) UNSIGNED NOT NULL AUTO_INCREMENT, AUTO_INCREMENT=98;

--
-- AUTO_INCREMENT de la tabla `direcciones`
--
ALTER TABLE `direcciones`
  MODIFY `id` int(10) UNSIGNED NOT NULL AUTO_INCREMENT, AUTO_INCREMENT=195;

--
-- AUTO_INCREMENT de la tabla `estados`
--
ALTER TABLE `estados`
  MODIFY `id` int(10) UNSIGNED NOT NULL AUTO_INCREMENT, AUTO_INCREMENT=4;

--
-- AUTO_INCREMENT de la tabla `logs`
--
ALTER TABLE `logs`
  MODIFY `id` int(10) UNSIGNED NOT NULL AUTO_INCREMENT, AUTO_INCREMENT=451;

--
-- AUTO_INCREMENT de la tabla `mandatos`
--
ALTER TABLE `mandatos`
  MODIFY `id` int(10) UNSIGNED NOT NULL AUTO_INCREMENT, AUTO_INCREMENT=48;

--
-- AUTO_INCREMENT de la tabla `migrations`
--
ALTER TABLE `migrations`
  MODIFY `id` int(10) UNSIGNED NOT NULL AUTO_INCREMENT, AUTO_INCREMENT=640;

--
-- AUTO_INCREMENT de la tabla `modalidad`
--
ALTER TABLE `modalidad`
  MODIFY `id` int(10) UNSIGNED NOT NULL AUTO_INCREMENT, AUTO_INCREMENT=3;

--
-- AUTO_INCREMENT de la tabla `observaciones`
--
ALTER TABLE `observaciones`
  MODIFY `id` int(10) UNSIGNED NOT NULL AUTO_INCREMENT, AUTO_INCREMENT=3;

--
-- AUTO_INCREMENT de la tabla `pacientes`
--
ALTER TABLE `pacientes`
  MODIFY `id` int(10) UNSIGNED NOT NULL AUTO_INCREMENT, AUTO_INCREMENT=98;

--
-- AUTO_INCREMENT de la tabla `pagares`
--
ALTER TABLE `pagares`
  MODIFY `id` int(10) UNSIGNED NOT NULL AUTO_INCREMENT, AUTO_INCREMENT=98;

--
-- AUTO_INCREMENT de la tabla `prestaciones`
--
ALTER TABLE `prestaciones`
  MODIFY `id` int(10) UNSIGNED NOT NULL AUTO_INCREMENT;

--
-- AUTO_INCREMENT de la tabla `previsiones`
--
ALTER TABLE `previsiones`
  MODIFY `id` int(10) UNSIGNED NOT NULL AUTO_INCREMENT, AUTO_INCREMENT=23;

--
-- AUTO_INCREMENT de la tabla `roles`
--
ALTER TABLE `roles`
  MODIFY `id` int(10) UNSIGNED NOT NULL AUTO_INCREMENT, AUTO_INCREMENT=4;

--
-- AUTO_INCREMENT de la tabla `servicios`
--
ALTER TABLE `servicios`
  MODIFY `id` int(10) UNSIGNED NOT NULL AUTO_INCREMENT, AUTO_INCREMENT=26;

--
-- AUTO_INCREMENT de la tabla `users`
--
ALTER TABLE `users`
  MODIFY `id` int(10) UNSIGNED NOT NULL AUTO_INCREMENT, AUTO_INCREMENT=29;

--
-- Restricciones para tablas volcadas
--

--
-- Filtros para la tabla `codeudores`
--
ALTER TABLE `codeudores`
  ADD CONSTRAINT `codeudores_direccion_id_foreign` FOREIGN KEY (`direccion_id`) REFERENCES `direcciones` (`id`);

--
-- Filtros para la tabla `cuotas`
--
ALTER TABLE `cuotas`
  ADD CONSTRAINT `cuotas_deuda_id_foreign` FOREIGN KEY (`deuda_id`) REFERENCES `deudas` (`id`);

--
-- Filtros para la tabla `deudores`
--
ALTER TABLE `deudores`
  ADD CONSTRAINT `deudores_direccion_id_foreign` FOREIGN KEY (`direccion_id`) REFERENCES `direcciones` (`id`);

--
-- Filtros para la tabla `observaciones`
--
ALTER TABLE `observaciones`
  ADD CONSTRAINT `observaciones_pagare_id_foreign` FOREIGN KEY (`pagare_id`) REFERENCES `pagares` (`id`),
  ADD CONSTRAINT `observaciones_user_id_foreign` FOREIGN KEY (`user_id`) REFERENCES `users` (`id`);

--
-- Filtros para la tabla `pacientes`
--
ALTER TABLE `pacientes`
  ADD CONSTRAINT `pacientes_modalidad_id_foreign` FOREIGN KEY (`modalidad_id`) REFERENCES `modalidad` (`id`),
  ADD CONSTRAINT `pacientes_prevision_id_foreign` FOREIGN KEY (`prevision_id`) REFERENCES `previsiones` (`id`),
  ADD CONSTRAINT `pacientes_servicio_id_foreign` FOREIGN KEY (`servicio_id`) REFERENCES `servicios` (`id`);

--
-- Filtros para la tabla `pagares`
--
ALTER TABLE `pagares`
  ADD CONSTRAINT `pagares_codeudor_id_foreign` FOREIGN KEY (`codeudor_id`) REFERENCES `codeudores` (`id`),
  ADD CONSTRAINT `pagares_deuda_id_foreign` FOREIGN KEY (`deuda_id`) REFERENCES `deudas` (`id`),
  ADD CONSTRAINT `pagares_deudor_id_foreign` FOREIGN KEY (`deudor_id`) REFERENCES `deudores` (`id`),
  ADD CONSTRAINT `pagares_estado_id_foreign` FOREIGN KEY (`estado_id`) REFERENCES `estados` (`id`),
  ADD CONSTRAINT `pagares_mandato_id_foreign` FOREIGN KEY (`mandato_id`) REFERENCES `mandatos` (`id`),
  ADD CONSTRAINT `pagares_paciente_id_foreign` FOREIGN KEY (`paciente_id`) REFERENCES `pacientes` (`id`),
  ADD CONSTRAINT `pagares_user_id_foreign` FOREIGN KEY (`user_id`) REFERENCES `users` (`id`);

--
-- Filtros para la tabla `prestaciones`
--
ALTER TABLE `prestaciones`
  ADD CONSTRAINT `prestaciones_pagare_id_foreign` FOREIGN KEY (`pagare_id`) REFERENCES `pagares` (`id`),
  ADD CONSTRAINT `prestaciones_user_id_foreign` FOREIGN KEY (`user_id`) REFERENCES `users` (`id`);

--
-- Filtros para la tabla `users`
--
ALTER TABLE `users`
  ADD CONSTRAINT `users_rol_id_foreign` FOREIGN KEY (`rol_id`) REFERENCES `roles` (`id`);
COMMIT;

/*!40101 SET CHARACTER_SET_CLIENT=@OLD_CHARACTER_SET_CLIENT */;
/*!40101 SET CHARACTER_SET_RESULTS=@OLD_CHARACTER_SET_RESULTS */;
/*!40101 SET COLLATION_CONNECTION=@OLD_COLLATION_CONNECTION */;
